artist;song;duration_ms;year;tempo;genre;energy;key;loudness
Chris Brown;Gimme That;186826;2005;87.165;hip hop, pop, R&B;0.572;11;-7.033
blackbear;do re mi;212027;2017;111.002;hip hop, pop, Dance/Electronic;0.593;8;-6.35
John Legend;Green Light (feat. André 3000);284186;2008;77.506;pop, R&B;0.882;9;-5.59
Beyoncé;Halo;261640;2008;79.983;pop, R&B;0.72;11;-5.908
Three Days Grace;I Hate Everything About You;231480;2003;89.342;rock, metal;0.83;6;-5.157
Stromae;Papaoutai;232146;2013;116.019;pop;0.818;10;-7.222
Travis Scott;Antidote;262693;2015;131.05;hip hop, Dance/Electronic;0.526;1;-5.046
Mary J. Blige;Be Without You - Kendu Mix;246333;2005;146.559;pop, R&B;0.7;2;-5.881
Imagine Dragons;Radioactive;186813;2012;136.245;rock;0.784;9;-3.686
Taylor Swift;Bad Blood;200106;2015;170.16;pop;0.655;11;-7.388
Eve;Gangsta Lovin';239266;2002;94.332;hip hop, pop, R&B;0.84;1;-3.523
Nicki Minaj;Anaconda;260240;2014;129.994;hip hop, pop;0.605;9;-6.223
Kehlani;Nights Like This (feat. Ty Dolla $ign);201787;2019;146.163;hip hop, pop, R&B;0.725;8;-5.131
Sean Paul;We Be Burnin';213066;2005;117.0;hip hop, pop;0.803;1;-4.195
Martin Garrix;Animals - Radio Edit;176117;2013;128.015;pop, Dance/Electronic;0.914;1;-5.351
Fetty Wap;My Way (feat. Monty);213053;2015;128.077;hip hop, pop;0.741;6;-3.103
Lil Pump;Gucci Gang;124055;2017;119.889;hip hop;0.523;5;-6.71
Justin Timberlake;My Love (feat. T.I.);276160;2006;119.952;pop;0.68;11;-5.881
Shawn Mendes;I Know What You Did Last Summer;223853;2015;113.939;pop;0.761;9;-4.582
Beyoncé;Beautiful Liar;199853;2007;91.977;pop, R&B;0.751;8;-3.74
Avicii;Lonely Together (feat. Rita Ora);181812;2017;102.977;pop, Dance/Electronic;0.666;5;-5.309
Kylie Minogue;Spinning Around;207866;2000;120.043;pop, Dance/Electronic;0.662;6;-7.645
Lily Allen;Not Fair;201213;2009;121.491;pop;0.861;5;-6.982
BTS;Boy With Luv (feat. Halsey);229773;2019;119.991;pop;0.862;11;-4.757
Bow Wow;Bounce With Me (feat. Xscape) - Edited Album Version;175893;2000;72.016;hip hop, pop, R&B;0.75;8;-5.153
Fort Minor;Where'd You Go (feat. Holly Brook & Jonah Matranga);231866;2005;179.999;hip hop, pop, rock;0.819;1;-3.309
Taylor Swift;Bad Blood;211933;2014;170.216;pop;0.794;7;-6.104
Zara Larsson;Lush Life;202213;2015;98.024;pop, Dance/Electronic;0.741;7;-2.86
Ashanti;Rain On Me;297960;2003;83.701;hip hop, pop, R&B;0.699;8;-3.103
Nelly;Dilemma;289160;2002;168.189;hip hop, pop, R&B;0.552;2;-8.074
Ariana Grande;Love Me Harder;236133;2014;98.992;pop;0.714;1;-4.389
Jon Bellion;All Time Low;217603;2016;90.246;hip hop, pop;0.567;0;-4.188
Rihanna;We Found Love;215226;2011;127.985;hip hop, pop, R&B;0.766;1;-4.485
Kanye West;Love Lockdown;270306;2008;119.603;hip hop;0.524;1;-7.67
Avril Lavigne;What the Hell;220706;2011;149.976;pop;0.926;6;-3.689
Khalid;Love Lies (with Normani);201707;2018;143.955;pop, R&B;0.648;6;-5.626
Sugababes;Too Lost In You;237693;2003;98.014;pop, R&B;0.705;1;-4.904
Oasis;Go Let It Out;278666;2000;84.192;Folk/Acoustic, rock;0.849;2;-5.631
Lil Wayne;How To Love;240306;2011;153.992;hip hop, pop;0.661;11;-6.093
Rachel Stevens;Sweet Dreams My LA Ex - Radio Edit;208386;2003;130.036;pop, Dance/Electronic;0.862;2;-3.587
Lucenzo;Danza Kuduro (feat. Don Omar);213986;2011;130.003;latin;0.942;7;-6.365
Charlie Puth;The Way I Am;186080;2018;114.966;pop;0.769;10;-5.658
DJ Fresh;Gold Dust - Radio Edit;192446;2010;176.985;pop, Dance/Electronic;0.948;0;-0.74
Limp Bizkit;Take A Look Around;321040;2000;101.968;metal;0.852;11;-5.607
One Direction;Story of My Life;245493;2013;121.07;pop;0.663;3;-5.802
Gareth Gates;Unchained Melody;233666;2003;106.52;pop;0.426;10;-8.049
Limp Bizkit;Rollin' (Air Raid Vehicle);213760;2000;96.306;metal;0.933;1;-3.358
Sean Kingston;Fire Burning;239986;2009;122.973;hip hop, pop, R&B;0.804;1;-2.513
Lana Del Rey;High By The Beach;257573;2015;131.988;pop;0.486;11;-11.067
The Prodigy;Omen;216026;2009;140.002;rock, pop, Dance/Electronic;0.953;7;-5.172
Muse;Supermassive Black Hole;212439;2006;120.0;rock;0.921;7;-3.727
Taylor Swift;22;232120;2012;103.987;pop;0.729;7;-6.561
Dave;Location (feat. Burna Boy);241293;2019;109.979;hip hop;0.496;9;-5.969
Michelle Branch;All You Wanted;217680;2001;96.103;pop, Folk/Acoustic;0.72;8;-9.101
Adam Lambert;Ghost Town;208330;2015;119.955;pop;0.736;4;-5.709
Drake;Started From the Bottom;174120;2013;86.307;hip hop, pop, R&B;0.523;8;-7.829
Of Monsters and Men;Little Talks;266600;2012;102.961;pop, rock, Folk/Acoustic;0.757;1;-5.177
Rihanna;Man Down;267000;2010;155.788;hip hop, pop, R&B;0.904;0;-4.024
Miguel;Sure Thing;195373;2010;81.001;pop, R&B;0.607;11;-8.127
Kelly Clarkson;Miss Independent;214773;2003;175.943;pop, R&B;0.615;11;-6.359
Mike Perry;The Ocean (feat. Shy Martin);183414;2016;90.037;pop, Dance/Electronic;0.575;5;-6.478
Taylor Swift;You Belong With Me;231146;2008;129.964;pop;0.771;6;-4.424
Amanda Perez;Angel;218760;2003;143.772;pop, R&B;0.54;0;-6.849
The Weeknd;Starboy;230453;2016;186.054;pop, R&B;0.594;7;-7.028
Youngbloodz;Damn! (feat. Lil' Jon) - Club Mix;298600;2003;84.038;hip hop, pop;0.724;6;-5.799
Calvin Harris;Feel So Close - Radio Edit;206413;2012;127.937;hip hop, pop, Dance/Electronic;0.924;7;-2.842
Rihanna;What's My Name?;263173;2010;100.025;hip hop, pop, R&B;0.786;2;-2.959
O-Zone;Dragostea Din Tei;215431;2004;130.103;pop;0.965;0;-3.947
Lana Del Rey;Summertime Sadness (Lana Del Rey Vs. Cedric Gervais) - Cedric Gervais Remix;214912;2013;126.052;pop;0.81;1;-5.791
Busta Rhymes;I Know What You Want (feat. Flipmode Squad);324306;2002;85.996;hip hop, pop;0.759;6;-4.315
blink-182;All The Small Things;167066;1999;148.726;rock, pop;0.897;0;-4.918
Lauv;I Like Me Better;197436;2018;91.97;pop, Dance/Electronic;0.505;9;-7.621
Flo Rida;Wild Ones (feat. Sia);232946;2012;127.075;hip hop, pop;0.86;5;-5.324
Oliver Heldens;Gecko (Overdrive) - Radio Edit;165440;2014;124.959;pop, Dance/Electronic;0.885;0;-5.469
Post Malone;Circles;215280;2019;120.042;hip hop;0.762;0;-3.497
Felix Jaehn;Ain't Nobody (Loves Me Better) (feat. Jasmine Thompson);186146;2018;117.971;hip hop, pop, Dance/Electronic;0.566;2;-6.959
Eminem;Crack A Bottle;297520;2009;169.561;hip hop;0.874;9;-2.571
The Vamps;All Night;197640;2017;144.992;pop;0.804;8;-5.194
BØRNS;Electric Love;218173;2015;120.063;rock, pop;0.858;6;-6.536
Sean Paul;No Lie;221176;2018;102.04;hip hop, pop;0.882;7;-2.862
Eminem;Love The Way You Lie;263373;2010;86.989;hip hop;0.925;10;-5.034
Travis;Sing;228800;2001;163.142;rock, pop;0.905;4;-5.047
Snoop Dogg;Sweat - Remix;195986;2011;130.02;hip hop, pop;0.732;7;-5.636
Alex Clare;Too Close;256613;2011;126.027;rock;0.694;11;-4.278
David Guetta;2U (feat. Justin Bieber);194896;2017;144.937;hip hop, pop, Dance/Electronic;0.65;8;-5.827
Swedish House Mafia;One (Your Name) - Radio Edit;163246;2010;125.061;pop, Dance/Electronic;0.673;9;-6.572
Kanye West;Mercy;329320;2012;139.993;hip hop;0.496;6;-9.381
Hot Chelle Rae;Tonight Tonight;200466;2011;99.978;hip hop, pop, rock;0.783;4;-4.977
Lil Uzi Vert;XO Tour Llif3;182706;2017;155.096;hip hop;0.75;11;-6.366
Agnes;Release Me;256213;2009;127.973;pop, Dance/Electronic;0.923;2;-3.124
Ciara;Promise;267413;2006;123.279;pop, R&B;0.629;9;-5.757
Gorillaz;DARE;244999;2005;120.264;hip hop;0.891;11;-5.852
Rihanna;What's My Name?;263173;2010;100.025;hip hop, pop, R&B;0.786;2;-2.959
5 Seconds of Summer;Easier;157492;2019;175.813;pop;0.428;5;-5.604
Houston;I Like That;236520;2004;106.997;hip hop, pop;0.502;10;-3.925
Tove Lo;Habits (Stay High);209160;2014;110.003;pop, Dance/Electronic;0.65;5;-3.539
Sean Kingston;Take You There;236693;2008;115.033;hip hop, pop, R&B;0.921;5;-4.321
Logic;Everyday;204746;2018;149.908;hip hop, pop;0.741;1;-4.099
David Guetta;Turn Me On (feat. Nicki Minaj);199680;2012;127.96;hip hop, pop, Dance/Electronic;0.793;8;-2.266
Martin Garrix;Scared to Be Lonely;220883;2017;137.972;pop, Dance/Electronic;0.54;1;-7.786
Emma Bunton;What Took You So Long?;241000;2001;118.011;pop;0.772;9;-5.4
Chris Brown;Loyal (feat. Lil Wayne & Tyga);264946;2014;99.059;hip hop, pop, R&B;0.522;10;-5.963
Justin Bieber;Boyfriend;171333;2012;96.979;pop;0.55;10;-6.019
Flo Rida;Good Feeling;248133;2012;128.011;hip hop, pop;0.89;1;-4.444
Ed Sheeran;Antisocial (with Travis Scott);161746;2019;151.957;pop;0.823;5;-5.313
Justin Bieber;What Do You Mean?;205680;2015;125.02;pop;0.567;5;-8.118
Hinder;Lips Of An Angel;261053;2019;129.005;pop, rock, metal;0.744;2;-5.386
Justin Timberlake;What Goes Around.../...Comes Around (Interlude);448573;2006;76.0;pop;0.723;7;-4.751
Ying Yang Twins;Salt Shaker;252440;2003;101.965;hip hop, pop;0.697;11;-6.022
Nelly Furtado;Turn Off The Light;276106;2000;180.184;hip hop, pop, latin;0.679;2;-6.26
Robbie Williams;Somethin' Stupid;170493;2001;106.191;pop, rock;0.515;0;-12.185
Next;Wifey;243666;2004;99.581;hip hop, pop, R&B;0.652;7;-8.693
Bubba Sparxxx;Ms. New Booty;252653;2005;129.37;hip hop, pop, country;0.62;1;-5.931
Pitbull;I Know You Want Me (Calle Ocho);237120;2009;127.045;hip hop, pop, latin;0.743;2;-5.995
Plan B;She Said;208853;2010;147.007;Dance/Electronic;0.538;3;-5.85
Linkin Park;In the End;216880;2000;105.143;rock, metal;0.864;3;-5.87
Eminem;We Made You;269613;2009;114.003;hip hop;0.853;2;-1.203
Limp Bizkit;Behind Blue Eyes;269973;2003;120.315;metal;0.489;7;-6.66
Kanye West;Can't Tell Me Nothing;271600;2007;80.029;hip hop;0.62;5;-6.133
Beyoncé;Naughty Girl;208600;2003;99.973;pop, R&B;0.466;6;-8.65
Avril Lavigne;My Happy Ending;242413;2004;170.229;pop;0.936;2;-2.407
LMFAO;Party Rock Anthem;262146;2011;130.014;hip hop, pop, Dance/Electronic;0.736;5;-4.168
Meek Mill;Going Bad (feat. Drake);180522;2018;86.003;hip hop, pop;0.496;4;-6.365
The Chemical Brothers;Galvanize;393813;2005;104.003;Dance/Electronic;0.714;7;-3.681
Fuel;Hemorrhage (In My Hands);236866;2000;152.034;rock, pop, metal;0.831;1;-3.894
Calvin Harris;Drinking from the Bottle (feat. Tinie Tempah);240346;2012;128.062;hip hop, pop, Dance/Electronic;0.886;9;-4.175
Lil Nas X;Panini;114893;2019;153.848;hip hop, pop;0.594;5;-6.146
Gwen Stefani;Rich Girl;236213;2004;98.018;pop, R&B;0.754;7;-2.728
Finger Eleven;Paralyzer;208106;2007;106.031;rock, metal;0.939;11;-3.486
Eminem;River (feat. Ed Sheeran);221013;2017;90.09;hip hop;0.749;8;-5.916
Kanye West;Black Skinhead;188013;2013;130.089;hip hop;0.825;1;-6.107
Creed;One Last Breath - Radio Version;242000;2015;130.581;pop, rock, metal;0.725;2;-6.094
Pitbull;International Love (feat. Chris Brown);227280;2011;120.05;hip hop, pop, latin;0.855;0;-3.035
Storm Queen;Look Right Through - MK Vocal Edit;150400;2014;119.995;Dance/Electronic;0.815;0;-8.035
Jessica Simpson;Irresistible;194026;2001;93.013;pop, R&B;0.965;8;-2.771
Sigma;Nobody To Love - Radio Edit;189720;2014;175.001;pop, Dance/Electronic;0.921;8;-3.32
The Strokes;Reptilia;219826;2003;158.009;rock;0.649;9;-5.11
The Weeknd;In The Night;235653;2015;167.939;pop, R&B;0.682;7;-4.94
OneRepublic;Love Runs Out;224226;2014;120.022;pop;0.935;7;-3.752
Beyoncé;Deja Vu (feat. Jay-Z);240280;2007;105.253;pop, R&B;0.746;7;-4.941
Post Malone;rockstar (feat. 21 Savage);218146;2018;159.801;hip hop;0.52;5;-6.136
T2;Heartbroken - Edit;178613;2017;139.986;Dance/Electronic;0.757;11;-5.438
Eminem;Stan;404106;2000;80.063;hip hop;0.768;6;-4.325
Kygo;Stole the Show;222813;2016;99.886;pop, Dance/Electronic;0.633;8;-6.443
Rae Sremmurd;No Type;200080;2015;125.01;hip hop, pop;0.486;6;-7.803
*NSYNC;It's Gonna Be Me;191040;2000;165.09;pop;0.874;0;-4.666
Disclosure;Latch;255631;2013;121.985;pop, Dance/Electronic;0.727;1;-5.456
"H ""two"" O";What's It Gonna Be (feat. Platnum);207476;2008;139.61;Dance/Electronic;0.9;9;-4.758
The Weeknd;Can't Feel My Face;213520;2015;107.949;pop, R&B;0.769;9;-5.526
OneRepublic;Good Life;253306;2009;94.988;pop;0.69;6;-7.804
Nicole Scherzinger;Don't Hold Your Breath;197440;2011;110.955;pop, Dance/Electronic;0.797;5;-6.096
Jordin Sparks;Tattoo;233466;2007;168.005;pop, R&B;0.766;2;-5.036
Counting Crows;Big Yellow Taxi;225426;2003;88.029;rock, pop;0.873;8;-4.315
Chingy;Right Thurr;250746;2003;92.074;hip hop, pop, R&B;0.749;2;-3.977
Taylor Swift;Style;231000;2014;94.933;pop;0.791;7;-5.595
Hilltop Hoods;1955;239280;2016;84.044;hip hop, pop;0.5;11;-7.558
Westlife;The Rose;219106;2006;109.581;pop;0.203;9;-9.706
Black Eyed Peas;Imma Be;257560;2009;92.035;hip hop, pop;0.517;0;-6.963
Anastacia;I'm Outta Love - Radio Edit;245400;1999;119.41;pop;0.716;10;-5.8
DMX;X Gon' Give It To Ya;217586;2007;95.027;hip hop, pop;0.899;10;-3.09
Timbaland;The Way I Are;179120;2007;114.759;hip hop, pop, R&B;0.807;3;-6.492
Birdy;Let It All Go;280757;2015;107.005;pop;0.43;10;-8.644
Kelly Clarkson;Stronger (What Doesn't Kill You);221946;2011;116.044;pop, R&B;0.939;0;-4.282
Pia Mia;Do It Again;207746;2015;95.95;pop, R&B;0.564;8;-6.527
Selena Gomez;Same Old Love;229080;2015;98.02;pop;0.593;11;-4.01
Mr. Probz;Waves - Robin Schulz Radio Edit;208133;2014;119.993;hip hop, Dance/Electronic;0.51;5;-9.334
Jay Sean;Do You Remember;210306;2009;125.846;hip hop, pop, R&B;0.668;11;-4.892
French Montana;Unforgettable;233901;2017;97.985;hip hop, pop;0.769;6;-5.043
James Arthur;Impossible;209440;2013;169.533;pop;0.695;0;-4.782
Ed Sheeran;Sing;235382;2014;119.988;pop;0.67;8;-4.451
2Pac;Until The End Of Time;266506;2001;96.976;hip hop;0.706;8;-6.665
Jeremih;Down On Me;228453;2010;160.041;hip hop, pop, R&B;0.598;2;-7.783
iann dior;emotions;131213;2019;80.512;hip hop, pop;0.63;9;-6.211
Montell Jordan;Get It On Tonite;276266;1999;99.008;hip hop, pop, R&B;0.491;10;-9.923
FINNEAS;Let's Fall in Love for the Night;190348;2018;127.921;rock, pop, Dance/Electronic;0.408;5;-7.941
Justin Bieber;Beauty And A Beat;227986;2012;128.003;pop;0.843;0;-4.831
Busta Rhymes;I Know What You Want (feat. Flipmode Squad);324306;2002;85.996;hip hop, pop;0.759;6;-4.315
Khalid;Better;229412;2018;97.565;pop, R&B;0.585;0;-10.332
Rich Homie Quan;Flex (Ooh, Ooh, Ooh);176674;2015;163.993;hip hop, pop;0.615;6;-7.534
John Newman;Love Me Again;239894;2013;126.03;set();0.894;2;-4.814
Nickelback;Someday;207466;2003;163.118;rock, metal;0.858;11;-5.659
T.I.;Bring Em Out;216706;2004;98.579;hip hop, pop;0.891;11;-2.983
Kid Ink;Show Me (feat. Chris Brown);217800;2014;98.098;hip hop, pop;0.508;7;-7.299
Luis Fonsi;Despacito (Featuring Daddy Yankee);228200;2017;177.833;pop, latin;0.786;2;-4.757
T-Pain;I'm N Luv (Wit a Stripper) (feat. Mike Jones);265333;2005;145.171;hip hop, pop, R&B;0.368;8;-10.38
Muse;Uprising;304840;2009;128.019;rock;0.905;2;-4.046
Maroon 5;Daylight;225066;2012;120.001;pop;0.674;7;-5.473
Natasha Bedingfield;Unwritten;259333;2004;100.011;pop;0.8;5;-6.333
Lil Jon & The East Side Boyz;Get Low;324600;2002;101.043;hip hop, pop;0.604;1;-8.019
Nicki Minaj;Bed Of Lies;269946;2014;86.01;hip hop, pop;0.67;11;-5.779
Lil Wayne;Right Above It;271946;2010;76.052;hip hop, pop;0.841;3;-4.348
Anuel AA;Secreto;258800;2019;91.987;latin;0.803;11;-4.156
Natalie Imbruglia;Shiver;222653;2005;94.163;pop, Folk/Acoustic;0.798;1;-4.49
Jason Aldean;Big Green Tractor;204200;2009;137.077;country;0.596;4;-5.035
James Morrison;Wonderful World;210066;2006;78.969;pop, R&B;0.71;1;-4.606
Keyshia Cole;Let It Go;238360;2007;94.955;hip hop, pop, R&B;0.721;1;-5.165
Outkast;The Whole World (feat. Killer Mike);295346;2001;184.682;hip hop, pop;0.852;2;-6.176
Seether;Fake It;193893;2007;132.078;rock, metal;0.95;8;-3.509
The-Dream;I Luv Your Girl;267866;2007;90.063;hip hop, pop, R&B;0.322;8;-9.702
Beyoncé;Crazy In Love (feat. Jay-Z);236133;2003;99.165;pop, R&B;0.77;2;-6.596
50 Cent;In Da Club;193466;2003;90.051;hip hop, pop;0.713;6;-2.752
Macklemore & Ryan Lewis;Can't Hold Us (feat. Ray Dalton);258342;2012;146.078;hip hop, pop;0.922;2;-4.457
3 Doors Down;It's Not My Time;241960;2008;127.962;pop, rock, metal;0.934;0;-4.808
Black Eyed Peas;Shut Up;296186;2003;112.968;hip hop, pop;0.714;2;-3.966
Taio Cruz;Higher;187626;2010;128.027;hip hop, pop;0.907;8;-5.069
iann dior;gone girl;136568;2019;94.956;hip hop, pop;0.714;11;-5.637
Ciara;Get Up (feat. Chamillionaire);261880;2006;128.593;pop, R&B;0.595;1;-6.887
Sech;Otro Trago;225933;2019;176.044;latin;0.7;0;-4.669
One Direction;One Way or Another (Teenage Kicks);157293;2013;162.131;pop;0.867;4;-3.121
Travie McCoy;Billionaire (feat. Bruno Mars);211160;2010;86.776;hip hop, pop;0.673;6;-6.403
Wiz Khalifa;Work Hard, Play Hard;219026;2012;140.008;hip hop, pop;0.666;11;-4.475
Meghan Trainor;NO;213506;2017;92.134;pop;0.803;1;-3.599
T.I.;Whatever You Like;249533;2008;150.053;hip hop, pop;0.687;9;-6.162
The Chainsmokers;Paris;221506;2017;99.99;pop, Dance/Electronic;0.658;2;-6.428
Drake;Nice For What;210746;2018;93.372;hip hop, pop, R&B;0.909;8;-6.474
Tyga;Faded;206666;2012;95.073;hip hop, pop;0.667;1;-8.438
Bastille;Good Grief;206493;2016;120.041;pop, rock;0.758;1;-4.888
Travis Scott;BUTTERFLY EFFECT;190677;2017;140.987;hip hop, Dance/Electronic;0.598;11;-6.865
Dem Franchize Boyz;Lean Wit It, Rock Wit It;229813;2006;76.035;hip hop, pop;0.62;5;-5.854
Dr. Dre;Forgot About Dre;222293;1999;133.974;hip hop;0.74;8;-1.299
Linkin Park;What I've Done;205613;2007;120.119;rock, metal;0.93;5;-5.285
Jason Derulo;Whatcha Say;221253;2010;144.036;hip hop, pop;0.711;11;-5.507
Grimes;Oblivion;251266;2012;155.974;pop, rock, Dance/Electronic;0.529;2;-8.838
Gigi D'Agostino;L'Amour Toujours;238759;2011;139.066;pop;0.728;7;-7.932
SAYGRACE;You Don't Own Me (feat. G-Eazy);201493;2016;186.249;pop, R&B;0.635;7;-5.653
E-40;U and Dat (feat. T. Pain & Kandi Girl);202720;2006;99.992;hip hop, pop;0.484;6;-7.448
Flo Rida;I Don't Like It, I Love It (feat. Robin Thicke & Verdine White);224258;2015;118.004;hip hop, pop;0.766;9;-4.697
Tinashe;2 On (feat. ScHoolboy Q);227000;2014;101.013;hip hop, pop, R&B, Dance/Electronic;0.595;9;-7.51
Zay Hilfigerrr;Juju on That Beat (TZ Anthem);144244;2016;160.517;set();0.887;1;-3.892
Juice WRLD;Lucid Dreams;239835;2018;83.903;hip hop;0.566;6;-7.23
Naughty Boy;La La La;220779;2013;124.988;Dance/Electronic;0.677;6;-4.399
Brandy;Another Day in Paradise - R&B-Version;271626;2002;102.043;hip hop, pop, R&B;0.787;6;-5.176
Mario;Break Up;249026;2009;73.881;pop, R&B;0.517;0;-7.355
Charlene Soraia;Wherever You Will Go;197577;2011;111.202;pop;0.115;9;-9.217
Katy Perry;Dark Horse;215672;2013;131.934;pop;0.585;6;-6.123
3 Doors Down;Kryptonite;233933;2000;99.009;pop, rock, metal;0.865;11;-5.708
Ava Max;Sweet but Psycho;187436;2018;133.002;pop;0.704;1;-4.724
Anastacia;Sick and Tired;212266;1999;99.848;pop;0.868;0;-4.552
Fall Out Boy;This Ain't A Scene, It's An Arms Race;212040;2007;199.935;rock;0.887;9;-4.07
Natti Natasha;Criminal;232549;2017;79.997;pop, latin;0.813;2;-3.023
Matchbox Twenty;Unwell;228706;2002;80.718;pop, rock;0.788;6;-5.263
Travis Scott;goosebumps;243836;2016;130.049;hip hop, Dance/Electronic;0.728;7;-3.37
Migos;Slippery (feat. Gucci Mane);304041;2017;141.967;hip hop, pop;0.675;1;-5.661
Taylor Swift;Style;231000;2014;94.933;pop;0.791;7;-5.595
Linkin Park;In the End;216880;2000;105.143;rock, metal;0.864;3;-5.87
Elvis Presley;A Little Less Conversation - JXL Radio Edit Remix;211506;2002;114.999;rock, easy listening;0.97;4;-5.972
NSG;Options;240081;2020;101.993;World/Traditional, hip hop;0.621;1;-4.684
Lemaitre;Closer;270589;2017;91.977;pop;0.785;2;-3.991
Jennifer Lopez;All I Have (feat. LL Cool J);254466;2002;83.066;hip hop, pop, R&B;0.669;1;-5.265
One Direction;What Makes You Beautiful;199986;2012;124.99;pop;0.787;4;-2.494
P!nk;Most Girls;298960;2000;97.922;pop;0.732;2;-6.046
Calvin Harris;Thinking About You (feat. Ayah Marar);247933;2012;127.985;hip hop, pop, Dance/Electronic;0.874;0;-3.715
Eminem;Just Lose It;248680;2004;121.003;hip hop;0.633;8;-3.56
The Script;Hall of Fame (feat. will.i.am);202533;2012;84.786;pop, rock;0.873;10;-4.343
Lloyd Banks;On Fire;187280;2004;94.857;hip hop, pop;0.825;8;-4.289
Marshmello;Silence;180822;2017;141.971;pop, Dance/Electronic;0.761;4;-3.093
Kylie Minogue;Spinning Around;207866;2000;120.043;pop, Dance/Electronic;0.662;6;-7.645
Baby Boy Da Prince;The Way I Live - Main Explicit;324906;2006;90.02;hip hop, pop;0.438;0;-7.562
Nelly;Just A Dream;237800;2010;89.917;hip hop, pop, R&B;0.752;1;-6.161
Bruno Mars;Treasure;178560;2012;116.017;pop;0.692;5;-5.28
Chris Brown;Look At Me Now (feat. Lil' Wayne & Busta Rhymes);222586;2011;146.155;hip hop, pop, R&B;0.677;11;-6.128
JoJo;Too Little Too Late;223680;2006;83.001;hip hop, pop, R&B;0.823;6;-5.338
David Archuleta;Crush;213520;2008;162.084;pop;0.664;0;-4.718
Jamelia;Superstar;215480;2003;110.01;pop;0.645;1;-6.93
Jason Derulo;Tip Toe (feat. French Montana);187521;2017;98.062;hip hop, pop;0.709;10;-4.547
Destiny's Child;Girl;224146;2004;89.036;pop, R&B;0.747;6;-6.019
J. Holiday;Bed;275106;2007;127.901;hip hop, pop, R&B, Dance/Electronic;0.606;5;-7.268
Kaiser Chiefs;I Predict A Riot;233186;2005;158.842;rock;0.979;8;-3.241
P.O.D.;Youth of the Nation;256240;2001;97.867;rock, metal;0.86;8;-7.533
Kanye West;Flashing Lights;237506;2007;90.482;hip hop;0.628;6;-7.578
Taylor Swift;I Knew You Were Trouble.;219720;2012;77.019;pop;0.469;3;-6.798
Future;Mask Off;204600;2017;150.062;hip hop, pop;0.434;2;-8.795
Sia;Chandelier;216120;2014;117.089;pop;0.787;1;-2.88
Alicia Keys;Empire State of Mind (Part II) Broken Down;216480;2009;92.923;pop, R&B;0.368;6;-7.784
G.R.L.;Ugly Heart;198306;2014;124.96;pop;0.786;9;-5.488
Sean Paul;Temperature;218573;2005;125.04;hip hop, pop;0.6;0;-4.675
Calvin Harris;Giant (with Rag'n'Bone Man);229184;2019;122.015;hip hop, pop, Dance/Electronic;0.887;1;-4.311
MGMT;Kids;302840;2007;122.961;rock;0.931;9;-3.871
JAY-Z;Big Pimpin';283066;1999;138.083;hip hop;0.814;11;-6.307
Unk;Walk It Out;173040;2013;160.022;hip hop, pop;0.777;1;-3.696
Kanye West;Heartless;211000;2008;87.999;hip hop;0.647;10;-5.983
Cherish;Do It To It;226293;2006;74.007;hip hop, pop, R&B;0.67;2;-5.559
Sam Smith;Money On My Mind;192670;2014;133.912;pop;0.841;2;-5.217
Nicky Jam;El Perdón - Forgiveness;206666;2017;90.013;latin;0.719;8;-3.839
Plies;Shawty (feat. T Pain);255413;2007;105.412;hip hop, pop, R&B;0.708;4;-5.926
Kelly Clarkson;Behind These Hazel Eyes;198973;2004;90.048;pop, R&B;0.889;9;-4.682
Frank Ocean;Lost;234093;2012;123.061;hip hop, pop, R&B;0.603;8;-4.892
Black Eyed Peas;Boom Boom Pow;251440;2009;130.048;hip hop, pop;0.857;9;-5.892
Calvin Harris;Feels (feat. Pharrell Williams, Katy Perry & Big Sean);223413;2017;101.018;hip hop, pop, Dance/Electronic;0.745;11;-3.105
Cam’ron;Oh Boy;204706;2002;83.014;hip hop, pop;0.767;6;-5.586
Enrique Iglesias;Tonight (I'm Fuckin' You);232213;2010;125.953;pop, latin;0.89;0;-3.982
The xx;Intro;127920;2009;100.363;rock;0.778;9;-8.871
Dido;White Flag;240040;2003;169.951;pop;0.525;5;-6.823
Ne-Yo;Because Of You;266840;2007;109.97;pop, R&B;0.538;0;-5.784
All Time Low;Dear Maria, Count Me In;182826;2007;181.04;rock;0.895;2;-3.126
Black Eyed Peas;I Gotta Feeling;289133;2009;127.96;hip hop, pop;0.766;0;-6.375
No Doubt;Underneath It All;302720;2001;138.202;rock, pop;0.731;4;-4.822
Gym Class Heroes;Cupid's Chokehold / Breakfast in America - Radio Mix;237173;2007;79.702;hip hop, pop;0.681;1;-5.084
Jason Derulo;The Other Side;226986;2013;127.923;hip hop, pop;0.836;9;-3.939
Rihanna;Stay;240706;2012;111.893;hip hop, pop, R&B;0.31;9;-10.164
Danity Kane;Damaged;244266;2008;120.01;pop, R&B;0.653;8;-5.158
Milky Chance;Stolen Dance;313684;2014;114.016;set();0.581;11;-8.813
Kygo;It Ain't Me (with Selena Gomez);220780;2017;99.968;pop, Dance/Electronic;0.533;0;-6.596
Ricky Martin;Nobody Wants to Be Lonely (with Christina Aguilera);252706;2008;100.851;pop, latin;0.854;10;-5.02
The Goo Goo Dolls;Here Is Gone;238173;2002;102.192;pop, rock;0.685;1;-5.178
JoJo;Leave (Get Out) - Radio Edit;242746;2005;86.891;hip hop, pop, R&B;0.513;5;-8.691
Kevin Lyttle;Turn Me On;192106;2004;106.279;hip hop;0.682;9;-6.879
Owl City;Fireflies;228346;2009;180.114;rock, pop;0.662;3;-6.797
Missy Elliott;One Minute Man (feat. Ludacris);252986;2001;93.839;hip hop, pop, R&B;0.669;9;-8.419
Reik;Me Niego (feat. Ozuna & Wisin);221653;2018;94.023;pop, latin;0.779;0;-4.449
David Guetta;Hey Mama (feat. Nicki Minaj, Bebe Rexha & Afrojack);192560;2014;85.979;hip hop, pop, Dance/Electronic;0.73;9;-4.091
The Pussycat Dolls;Beep;229360;2005;103.7;pop, R&B;0.735;7;-6.382
Chris Brown;Kiss Kiss (feat. T-Pain);250666;2007;140.043;hip hop, pop, R&B;0.658;10;-3.386
James Morrison;Broken Strings;250453;2008;111.91;pop, R&B;0.717;1;-4.914
One Direction;Live While We're Young;200186;2012;126.015;pop;0.837;2;-2.063
Nickelback;If Today Was Your Last Day;249066;2008;89.956;rock, metal;0.911;3;-5.749
Sugababes;About You Now;212400;2007;82.499;pop, R&B;0.699;1;-6.065
Kelis;Millionaire;224933;2003;176.051;pop, R&B, Dance/Electronic;0.847;11;-6.636
Kesha;Die Young;211920;2012;128.001;pop, Dance/Electronic;0.7;1;-4.805
Shawn Mendes;Mercy;208733;2017;148.127;pop;0.674;4;-4.882
Ne-Yo;Sexy Love;220853;2006;94.02;pop, R&B;0.516;8;-6.446
Swedish House Mafia;Miami 2 Ibiza - Swedish House Mafia vs. Tinie Tempah;206460;2010;125.03;pop, Dance/Electronic;0.929;7;-5.89
Sean Paul;Get Busy;211666;2002;100.202;hip hop, pop;0.824;10;-4.143
Tiësto;Wasted;188371;2014;112.028;pop, Dance/Electronic;0.832;2;-5.595
Dua Lipa;Don't Start Now;183290;2019;123.941;pop;0.793;11;-4.521
Kanye West;Stronger;311866;2007;103.992;hip hop;0.717;10;-7.858
Jason Aldean;Dirt Road Anthem;229413;2010;127.037;country;0.739;2;-5.068
Avril Lavigne;Here's to Never Growing Up;214080;2013;164.986;pop;0.871;0;-3.084
Spiderbait;Black Betty - Edit;205973;2004;124.047;rock;0.865;7;-6.476
Fat Joe;What's Luv? (feat. Ja-Rule & Ashanti);267093;2001;93.955;hip hop, pop;0.707;8;-5.074
DB Boulevard;Point Of View - Radio Edit;231166;2018;129.006;Dance/Electronic;0.715;6;-6.854
Ashanti;Baby;265706;2002;157.596;hip hop, pop, R&B;0.58;4;-5.757
Akon;Locked Up;235066;2004;89.987;pop;0.579;7;-4.475
Selena Gomez;Wolves;197993;2017;124.987;pop;0.804;11;-4.614
Cheat Codes;Sex;228361;2016;102.42;pop, Dance/Electronic;0.692;0;-5.825
Avicii;Wake Me Up;247426;2013;124.08;pop, Dance/Electronic;0.783;2;-5.697
LeAnn Rimes;Can't Fight The Moonlight;215506;2001;97.865;pop, country;0.834;6;-6.341
Bobby Shmurda;Hot N*gga;194561;2014;167.879;hip hop, pop;0.51;9;-7.314
Mark Ronson;Nothing Breaks Like a Heart (feat. Miley Cyrus);217466;2018;114.066;pop;0.794;7;-5.844
David Guetta;This One's for You (feat. Zara Larsson) (Official Song UEFA EURO 2016);207272;2016;110.169;hip hop, pop, Dance/Electronic;0.915;9;-3.456
Mario;Let Me Love You;256733;2004;94.514;pop, R&B;0.578;7;-8.97
Rob Thomas;Lonely No More;226640;2005;171.79;pop, Folk/Acoustic;0.896;9;-3.152
Major Lazer;Lean On (feat. MØ & DJ Snake);176561;2015;98.007;hip hop, pop, Dance/Electronic;0.809;7;-3.081
Justin Bieber;As Long As You Love Me;229466;2012;139.691;pop;0.873;0;-3.382
Frankie J;Don't Wanna Try;245293;2003;130.127;hip hop, pop, R&B;0.433;5;-7.577
B2K;Uh Huh;223293;2002;99.699;hip hop, pop, R&B;0.681;2;-4.955
Flo Rida;My House;192190;2015;94.006;hip hop, pop;0.702;7;-4.792
Outkast;The Way You Move (feat. Sleepy Brown);234000;2003;125.999;hip hop, pop;0.597;5;-4.932
Foster The People;Pumped Up Kicks;239600;2011;127.975;rock, pop;0.71;5;-5.849
Adele;Set Fire to the Rain;242973;2011;107.995;pop, R&B;0.67;2;-3.882
DJ Snake;Middle;220573;2016;104.981;hip hop, pop, Dance/Electronic;0.7;9;-5.331
Missy Elliott;Gossip Folks (feat. Ludacris);234893;2002;121.732;hip hop, pop, R&B;0.538;0;-5.264
Kungs;This Girl - Kungs Vs. Cookin' On 3 Burners;195561;2016;121.969;pop, Dance/Electronic;0.705;0;-4.684
Mariah Carey;Don't Forget About Us - Radio Edit;233866;2005;143.555;pop, R&B;0.529;10;-6.816
Blue;One Love;207186;2002;95.012;pop;0.722;8;-4.039
Lorde;Team;193058;2013;99.961;pop, Dance/Electronic;0.578;6;-7.436
Coldplay;A Sky Full of Stars;267866;2014;124.97;rock, pop;0.675;6;-6.474
Baby Bash;Baby, I'm Back;219920;2005;100.01;hip hop, pop, R&B, latin;0.365;9;-5.461
KT Tunstall;Black Horse And The Cherry Tree;172373;2005;104.833;World/Traditional, pop, Folk/Acoustic;0.786;4;-7.788
The Weeknd;Call Out My Name;228373;2018;134.17;pop, R&B;0.593;1;-4.954
Marshmello;Spotlight;177600;2018;150.06;pop, Dance/Electronic;0.822;7;-4.483
Robbie Williams;Candy;201053;2012;116.043;pop, rock;0.791;10;-6.63
Coldplay;In My Place;226680;2002;144.636;rock, pop;0.588;9;-5.455
Katy Perry;California Gurls;234653;2012;125.014;pop;0.754;0;-3.729
Alice Deejay;Better Off Alone;214883;2000;136.953;pop;0.88;8;-6.149
Jonas Blue;Mama;181614;2017;104.016;pop, Dance/Electronic;0.792;11;-4.256
The Calling;Wherever You Will Go;208600;2001;112.027;pop;0.719;2;-5.113
Kelly Rowland;Commander;218106;2011;124.638;hip hop, pop, R&B;0.876;11;-3.859
The Neighbourhood;Daddy Issues;260173;2015;85.012;rock, pop;0.521;10;-9.461
The Chainsmokers;Roses;226738;2015;100.001;pop, Dance/Electronic;0.802;4;-7.055
Trey Songz;Na Na;231906;2015;96.975;hip hop, pop, R&B;0.476;9;-6.253
Linkin Park;BURN IT DOWN;230253;2012;110.006;rock, metal;0.972;9;-4.45
Beyoncé;Check On It (feat. Slim Thug);211186;2006;166.104;pop, R&B;0.887;7;-3.887
Bobby V.;"Slow Down - 12"" Version";258666;2005;186.048;hip hop, pop, R&B;0.732;11;-4.896
Avril Lavigne;I'm with You;223066;2002;151.95;pop;0.406;9;-7.462
Ozuna;Vaina Loca;176133;2018;93.982;latin;0.805;6;-4.249
Calvin Harris;Let's Go (feat. Ne-Yo);232800;2012;128.016;hip hop, pop, Dance/Electronic;0.882;4;-2.932
Céline Dion;A New Day Has Come - Radio Remix;259773;2001;91.969;pop;0.691;6;-5.103
Panjabi MC;Mundian to Bach Ke;244666;2003;98.077;World/Traditional, hip hop;0.879;8;-4.951
Eminem;Like Toy Soldiers;296880;2004;79.178;hip hop;0.768;8;-3.489
Jeezy;Put On;321293;2008;137.616;hip hop, pop;0.77;9;-6.091
Fabolous;Can't Let You Go (feat. Mike Shorey & Lil' Mo);223973;2003;192.082;hip hop, pop, R&B;0.6;9;-6.569
Kanye West;Love Lockdown;270306;2008;119.603;hip hop;0.524;1;-7.67
MiMS;This Is Why I'm Hot;253706;2007;80.021;hip hop, pop;0.6;8;-6.349
Klingande;Jubel - Radio Edit;201626;2013;124.938;pop, Dance/Electronic;0.524;0;-7.251
Mýa;My Love Is Like...Wo - Main Mix;209533;2003;132.817;pop, R&B;0.695;4;-6.491
Room 5;Make Luv;212413;2003;124.814;Dance/Electronic;0.887;1;-4.92
Mis-Teeq;Scandalous - U.S. Radio Edit;238840;2004;99.971;pop, Dance/Electronic;0.668;0;-3.935
Snoop Dogg;Sensual Seduction;245520;2007;120.163;hip hop, pop;0.829;11;-3.973
M.I.A.;Paper Planes;205200;2007;172.247;pop, rock;0.848;2;-6.175
Sam Sparro;Black & Gold - Radio Edit;212360;2008;135.968;pop, Dance/Electronic;0.703;4;-5.65
Kevin Gates;2 Phones;240000;2016;121.918;hip hop, pop;0.681;7;-5.267
Kylie Minogue;Love at First Sight;238266;2001;124.994;pop, Dance/Electronic;0.774;3;-6.066
Chingy;Pullin' Me Back;234133;2006;80.0;hip hop, pop, R&B;0.511;7;-6.66
Pretty Ricky;Grind With Me;237733;2005;136.518;hip hop, pop, R&B;0.538;1;-5.952
J. Cole;MIDDLE CHILD;213593;2019;123.984;hip hop;0.364;8;-11.713
Post Malone;Better Now;231266;2018;145.038;hip hop;0.578;10;-5.804
Wheatus;Teenage Dirtbag;241666;1999;94.661;set();0.85;4;-3.904
K'NAAN;Wavin' Flag;220520;2009;75.974;set();0.699;0;-6.416
Fifth Harmony;Work from Home (feat. Ty Dolla $ign);214480;2016;105.017;pop;0.585;8;-5.861
The Chainsmokers;#SELFIE - Original Mix;183750;2014;127.955;pop, Dance/Electronic;0.915;0;-3.263
Sigala;Easy Love;229813;2018;123.976;pop, Dance/Electronic;0.942;9;-4.208
T.I.;What You Know;274333;2006;73.464;hip hop, pop;0.81;11;-4.365
Beyoncé;Me, Myself and I;301133;2003;83.61;pop, R&B;0.458;1;-9.092
Christina Aguilera;Dirrty (feat. Redman);298853;2002;99.931;pop;0.889;2;-3.073
Lifehouse;Hanging By A Moment;216360;2000;124.599;pop, rock, metal;0.858;1;-4.903
Twenty One Pilots;Ride;214506;2015;74.989;rock;0.713;6;-5.355
Drake;God's Plan;198973;2018;77.169;hip hop, pop, R&B;0.449;7;-9.211
*NSYNC;Bye Bye Bye;200560;2000;172.656;pop;0.928;8;-4.806
Jagged Edge;Promise;246720;2000;128.002;hip hop, pop, R&B;0.568;5;-5.431
Flo Rida;I Cry;223800;2012;126.035;hip hop, pop;0.822;4;-5.441
Ciara;Like a Boy;237053;2006;132.035;pop, R&B;0.724;0;-5.751
Lewis Capaldi;Someone You Loved;182160;2019;109.891;pop;0.405;1;-5.679
Big Brovaz;Nu Flow;201480;2001;148.062;pop;0.726;7;-8.718
Alexandra Burke;Bad Boys (feat. Flo Rida);206480;2009;140.029;pop;0.866;1;-3.684
Westlife;Mandy;199320;2003;105.678;pop;0.636;5;-5.08
Zedd;The Middle;184732;2018;107.01;hip hop, pop, Dance/Electronic;0.657;7;-3.061
Drake;Best I Ever Had;258760;2010;162.161;hip hop, pop, R&B;0.894;5;-2.673
Five;Let's Dance - Radio Edit;218626;2001;118.007;pop;0.821;4;-7.853
Gareth Gates;Anyone of Us (Stupid Mistake);227866;2003;106.986;pop;0.72;1;-6.061
Carly Rae Jepsen;Call Me Maybe;193400;2012;120.021;pop, Dance/Electronic;0.58;7;-6.548
The Pussycat Dolls;When I Grow Up;245680;2008;118.449;pop, R&B;0.685;11;-5.762
Hinder;Better Than Me;223533;2019;139.913;pop, rock, metal;0.682;2;-5.295
Tiësto;Red Lights;263890;2013;124.989;pop, Dance/Electronic;0.829;10;-4.783
Halsey;Without Me;201660;2018;136.041;pop, Dance/Electronic;0.488;6;-7.05
Lloyd;You;273133;2007;130.159;hip hop, pop, R&B;0.876;5;-6.008
Martin Garrix;In the Name of Love;195706;2016;133.99;pop, Dance/Electronic;0.519;4;-5.88
Route 94;My Love (feat. Jess Glynne);259934;2014;119.976;pop, Dance/Electronic;0.622;8;-7.573
Timbaland;If We Ever Meet Again (Featuring Katy Perry);292706;2009;126.091;hip hop, pop, R&B;0.605;8;-7.371
Lil Wayne;Got Money;244626;2008;82.48;hip hop, pop;0.661;7;-4.847
Rascal Flatts;Life is a Highway;276773;2006;103.055;country;0.936;5;-5.409
3OH!3;Starstrukk;203093;2010;139.896;hip hop, pop, rock;0.795;11;-6.086
Taylor Swift;Love Story;236266;2008;118.984;pop;0.741;2;-3.97
DEV;In The Dark;226226;2012;124.954;pop, Dance/Electronic;0.824;8;-4.231
Pitbull;Don't Stop the Party (feat. TJR);206120;2012;127.008;hip hop, pop, latin;0.958;4;-3.617
Marshmello;One Thing Right;181823;2019;88.042;pop, Dance/Electronic;0.625;4;-2.253
The All-American Rejects;Dirty Little Secret;193653;2005;143.853;rock, pop;0.955;10;-4.253
Default;Wasting My Time;268693;2001;147.973;rock, pop, metal;0.769;2;-5.529
Carl Thomas;I Wish;226760;2000;89.824;pop, R&B;0.666;1;-4.929
Janet Jackson;All For You;329933;2001;113.525;pop, R&B;0.934;2;-3.011
Arctic Monkeys;Why'd You Only Call Me When You're High?;161123;2013;92.004;rock;0.631;2;-6.478
Janet Jackson;Doesn't Really Matter;265026;2001;99.316;pop, R&B;0.796;5;-3.081
Pendulum;Propane Nightmares;313346;2008;173.992;Dance/Electronic;0.966;7;-4.13
Rob $tone;Chill Bill (feat. J. Davi$ & Spooks);177184;2016;108.034;hip hop;0.427;6;-10.028
Kris Allen;Live Like We're Dying;212506;2009;92.011;pop;0.893;0;-2.948
Halsey;Bad At Love;181279;2017;118.384;pop, Dance/Electronic;0.751;0;-3.539
Adele;Rumour Has It;223266;2011;120.052;pop, R&B;0.748;0;-5.014
Miley Cyrus;We Can't Stop;231240;2013;80.003;pop;0.622;1;-5.794
Clean Bandit;Solo (feat. Demi Lovato);222653;2018;105.005;pop, Dance/Electronic;0.636;11;-4.546
Imagine Dragons;Thunder;187146;2017;167.88;rock;0.81;0;-4.749
Avicii;Silhouettes - Original Radio Edit;211880;2012;128.074;pop, Dance/Electronic;0.8;5;-6.235
Rag'n'Bone Man;Human;200186;2017;75.087;R&B;0.707;9;-4.097
Michael Jackson;You Rock My World;337733;2001;95.0;pop, R&B;0.673;4;-3.132
Ginuwine;Differences;265533;2001;62.876;hip hop, pop, R&B;0.594;3;-4.578
Drake;Too Good;263373;2016;117.996;hip hop, pop, R&B;0.653;7;-7.839
Beyoncé;Single Ladies (Put a Ring on It);193213;2008;193.437;pop, R&B;0.584;1;-5.293
James Blunt;Goodbye My Lover;258653;2005;89.567;pop;0.261;4;-12.591
Christina Milian;When You Look At Me - Radio Edit;222546;2001;108.955;hip hop, pop, R&B;0.839;3;-3.399
P!nk;F**kin' Perfect;213413;2010;91.964;pop;0.671;7;-4.788
Avicii;I Could Be The One (Avicii Vs. Nicky Romero) - Radio Edit;208316;2012;127.946;pop, Dance/Electronic;0.79;6;-3.782
Cardi B;Bodak Yellow;223962;2017;125.022;hip hop, pop;0.723;11;-5.792
Taylor Swift;Back To December;293026;2010;141.893;pop;0.67;2;-4.663
Girls Aloud;Love Machine;205360;2004;116.02;pop, Dance/Electronic;0.95;7;-4.21
Craig David;Fill Me In;257200;2000;132.493;hip hop, pop, R&B;0.744;8;-6.981
Joel Adams;Please Don't Go;210580;2015;84.264;R&B;0.768;4;-4.868
The Game;My Life;320893;2008;148.113;hip hop, pop;0.766;11;-5.018
G-Eazy;Good Life (with G-Eazy & Kehlani);225520;2017;168.073;hip hop, pop;0.778;1;-5.208
Usher;Pop Ya Collar - Radio Edit;210813;2016;106.957;hip hop, pop, R&B;0.8;5;-3.944
Travis Scott;SICKO MODE;312820;2018;155.008;hip hop, Dance/Electronic;0.73;8;-3.714
Flipp Dinero;Leave Me Alone;195637;2019;150.024;hip hop, pop;0.743;7;-2.806
N.O.R.E.;Nothin';264653;2002;97.035;hip hop, pop;0.863;3;-6.118
Daniel Bedingfield;If You're Not The One;257026;2002;119.998;pop;0.538;10;-7.608
Alessia Cara;Here;199453;2016;120.493;pop, R&B;0.822;0;-3.974
Daniel Bedingfield;Gotta Get Thru This - D'N'D Radio Edit;162333;2002;133.592;pop;0.762;7;-5.044
The Weeknd;"Earned It (Fifty Shades Of Grey) - From The ""Fifty Shades Of Grey"" Soundtrack";252226;2014;119.844;pop, R&B;0.381;2;-5.922
Mariah Carey;Obsessed;242200;2009;86.443;pop, R&B;0.468;10;-5.557
Scissor Sisters;Comfortably Numb;266040;2004;116.972;pop, rock, Dance/Electronic;0.924;7;-6.466
Santana;Into the Night (feat. Chad Kroeger);222440;2007;127.981;rock, blues, latin;0.844;7;-4.678
Trapt;Headstrong;285569;2002;184.981;rock, metal;0.896;4;-5.819
Sonique;It Feels So Good;240866;2000;135.012;pop;0.677;5;-7.278
G-Eazy;Him & I;268866;2017;87.908;hip hop, pop;0.731;2;-6.343
OPM;Heaven Is a Halfpipe (If I Die);257426;2000;95.9;rock;0.894;8;-6.886
Britney Spears;Toxic;198800;2003;143.04;pop;0.838;5;-3.914
Gwen Stefani;Cool;189333;2004;112.019;pop, R&B;0.721;2;-3.52
Charli XCX;Boom Clap;169866;2014;91.999;pop, Dance/Electronic;0.911;4;-2.28
Jaheim;Put That Woman First;245773;2002;78.935;pop, R&B;0.536;5;-8.804
Faith Evans;I Love You;267160;2001;168.004;hip hop, pop, R&B;0.757;11;-4.062
Lady Gaga;The Edge Of Glory;320546;2011;127.952;pop;0.768;9;-6.477
Shontelle;Impossible;226533;2010;90.034;pop, R&B;0.624;8;-3.631
Paramore;Still into You;216013;2013;136.01;pop, rock;0.923;5;-3.763
Akon;Lonely;235800;2004;90.098;pop;0.532;5;-7.88
Daya;Sit Still, Look Pretty;202221;2016;181.994;rock, pop, Dance/Electronic;0.739;2;-4.081
Becky G;Shower;206166;2014;119.987;pop, latin;0.529;2;-7.548
Mario Winans;I Don't Wanna Know (feat. Enya & P. Diddy) - 2016 Remaster;257333;2016;97.007;pop;0.515;11;-5.0
Christina Aguilera;I Turn to You;273706;1999;127.177;pop;0.47;1;-8.356
Kent Jones;Don't Mind;198236;2016;158.777;hip hop;0.771;8;-4.503
Banx & Ranx;Answerphone (feat. Yxng Bane);190920;2018;113.021;Dance/Electronic;0.834;1;-3.928
Daft Punk;Lose Yourself to Dance (feat. Pharrell Williams);353893;2013;100.163;hip hop, Dance/Electronic;0.659;10;-7.828
Jax Jones;Breathe;207629;2017;125.985;hip hop, pop, Dance/Electronic;0.744;11;-5.52
David Guetta;Who's That Chick? (feat. Rihanna);201040;2010;127.938;hip hop, pop, Dance/Electronic;0.602;11;-4.733
ZAYN;PILLOWTALK;203686;2016;124.909;pop, Dance/Electronic;0.702;11;-4.271
Omarion;Post to Be (feat. Chris Brown & Jhene Aiko);226580;2014;97.448;hip hop, pop, R&B;0.676;10;-5.655
Staind;It's Been Awhile;264706;2001;116.529;rock, metal;0.774;6;-4.054
Jessie J;Do It Like A Dude;195240;2011;140.036;hip hop, pop;0.843;2;-3.672
Rae Sremmurd;Powerglide (feat. Juicy J) - From SR3MM;332300;2018;173.948;hip hop, pop;0.831;1;-4.75
Twista;Sunshine (feat. Anthony Hamilton);226013;2004;98.523;hip hop, pop, R&B;0.888;11;-5.337
Nicky Jam;X;172854;2019;179.968;latin;0.749;9;-5.298
Chris Brown;Turn Up the Music;227973;2012;129.925;hip hop, pop, R&B;0.841;1;-5.792
Backstreet Boys;Shape of My Heart;230093;2000;96.102;pop;0.786;9;-4.353
Black Eyed Peas;Hey Mama;214893;2003;100.15;hip hop, pop;0.866;4;-6.345
Black Eyed Peas;The Time (Dirty Bit);307640;2010;127.979;hip hop, pop;0.813;6;-7.798
Mariah Carey;It's Like That;203360;2005;95.953;pop, R&B;0.633;8;-4.875
Kendrick Lamar;Swimming Pools (Drank) - Extended Version;313786;2012;74.132;hip hop;0.485;1;-7.745
Jonas Blue;Fast Car;212424;2015;113.945;pop, Dance/Electronic;0.57;9;-6.994
MIKA;Grace Kelly;187733;2006;122.229;pop;0.828;0;-5.799
Katy Perry;Wide Awake;220946;2012;159.814;pop;0.683;5;-5.099
Craig David;Rise & Fall (feat. Sting);287226;2002;83.373;hip hop, pop, R&B;0.589;6;-7.51
Sandi Thom;I Wish I Was a Punk Rocker (with Flowers in My Hair);151640;2006;108.102;World/Traditional, pop;0.465;4;-6.815
Ariana Grande;Problem;193920;2014;103.008;pop;0.805;1;-5.352
Tove Lo;Talking Body;238426;2014;119.999;pop, Dance/Electronic;0.761;4;-5.449
Will Young;Leave Right Now;214733;2003;81.931;pop;0.445;6;-8.674
will.i.am;Scream & Shout;283400;2013;130.033;hip hop, pop;0.685;5;-6.849
Basement Jaxx;Good Luck;282306;2003;154.07;pop, Dance/Electronic;0.968;5;-3.092
Jennifer Lopez;Ain't It Funny;246160;2001;99.825;hip hop, pop, R&B;0.869;5;-4.525
Juice WRLD;Robbery;240050;2019;159.966;hip hop;0.692;2;-5.122
Eminem;"Lose Yourself - From ""8 Mile"" Soundtrack";322226;2004;171.355;hip hop;0.735;2;-4.616
Disclosure;Latch;255631;2013;121.985;pop, Dance/Electronic;0.727;1;-5.456
Westlife;You Raise Me Up;241066;2005;75.048;pop;0.358;10;-6.596
Lil' Kim;The Jump Off (feat. Mr. Cheeks) - Remix;234800;2003;104.946;hip hop, pop, R&B;0.752;1;-8.831
OneRepublic;Rich Love (with Seeb);201256;2017;104.592;pop;0.872;1;-3.641
Eminem;Cleanin' Out My Closet;297840;2002;148.015;hip hop;0.758;9;-4.753
Offset;Clout (feat. Cardi B);205803;2019;140.022;hip hop, pop;0.622;1;-7.384
The Corrs;Breathless;207506;2000;126.988;pop, Folk/Acoustic;0.82;11;-7.754
MEDUZA;Piece Of Your Heart;152913;2019;124.08;pop, Dance/Electronic;0.744;10;-6.806
Anne-Marie;Alarm;205593;2016;146.928;pop, Dance/Electronic;0.589;0;-5.093
DJ Khaled;Wild Thoughts (feat. Rihanna & Bryson Tiller);204173;2017;97.979;hip hop, pop;0.672;0;-3.094
Kelly Clarkson;My Life Would Suck Without You;211493;2009;144.982;pop, R&B;0.882;9;-4.006
Modjo;Lady - Hear Me Tonight;307153;2001;126.041;Dance/Electronic;0.808;6;-5.627
Akon;I Wanna Love You;247066;2006;99.989;pop;0.45;0;-9.387
Gorgon City;Ready For Your Love;198880;2014;121.939;pop, Dance/Electronic;0.753;5;-7.038
Empire of the Sun;Walking On A Dream;198440;2008;126.975;rock, pop, Dance/Electronic;0.701;5;-5.594
Chris Brown;Run It! (feat. Juelz Santana);229866;2005;100.969;hip hop, pop, R&B;0.482;1;-6.721
Drake;Hold On, We're Going Home;227880;2013;99.993;hip hop, pop, R&B;0.414;6;-7.436
Trey Songz;Bottoms Up (feat. Nicki Minaj);242013;2010;74.008;hip hop, pop, R&B;0.601;1;-5.283
PSY;Gangnam Style (강남스타일);219493;2012;132.067;pop;0.937;11;-2.871
Hayden James;NUMB;217296;2019;147.932;pop, Dance/Electronic;0.558;10;-7.046
Soulja Boy;Crank That (Soulja Boy);221933;2007;140.141;hip hop, pop;0.74;0;-2.18
Selena Gomez;Fetish (feat. Gucci Mane);186112;2017;123.013;pop;0.618;2;-4.424
The Rasmus;In the Shadows;257920;2003;105.991;metal;0.796;2;-4.481
Erykah Badu;Bag Lady;348893;2000;151.181;hip hop, R&B;0.416;5;-8.964
Guy Sebastian;Battle Scars (feat. Lupe Fiasco);250080;2012;83.993;pop;0.863;5;-2.632
Calvin Harris;Under Control (feat. Hurts);184280;2014;126.094;hip hop, pop, Dance/Electronic;0.915;8;-3.405
Snow Patrol;You're All I Have;273333;2006;132.013;World/Traditional, rock, pop;0.921;2;-4.554
Kesha;Blah Blah Blah (feat. 3OH!3);172053;2010;120.003;pop, Dance/Electronic;0.836;10;-3.173
Joe;Stutter (feat. Mystikal) - Double Take Remix;213026;2000;89.989;pop, R&B;0.759;6;-6.516
Nickelback;Far Away;238173;2005;132.918;rock, metal;0.797;6;-5.153
Britney Spears;Womanizer;224400;2008;139.0;pop;0.695;11;-5.226
Ying Yang Twins;Wait (The Whisper Song);179160;2005;102.017;hip hop, pop;0.513;7;-13.203
David Guetta;Play Hard (feat. Ne-Yo & Akon);201000;2012;130.072;hip hop, pop, Dance/Electronic;0.921;8;-1.702
Twenty One Pilots;Stressed Out;202333;2015;169.977;rock;0.637;4;-5.677
Drake;Passionfruit;298940;2017;111.98;hip hop, pop, R&B;0.463;11;-11.377
Ne-Yo;So Sick;207186;2006;92.791;pop, R&B;0.574;6;-8.336
Klangkarussell;Sonnentanz - Sun Don't Shine;238120;2014;119.74;pop, Dance/Electronic;0.549;5;-8.262
Bryson Tiller;Don't;198293;2015;96.991;hip hop, pop, R&B;0.356;11;-5.556
Sophie Ellis-Bextor;Murder On The Dancefloor;230013;2002;117.31;pop, Dance/Electronic;0.848;1;-5.285
Robyn;Dancing On My Own;288670;2010;117.015;pop, Dance/Electronic;0.865;6;-4.663
Jeezy;Soul Survivor;280013;2005;84.03;hip hop, pop;0.493;10;-7.728
Flo Rida;Right Round;204640;2009;124.986;hip hop, pop;0.672;7;-6.852
Megan Thee Stallion;Hot Girl Summer (feat. Nicki Minaj & Ty Dolla $ign);199427;2019;98.985;hip hop, pop, R&B;0.814;0;-4.568
Juanes;La Camisa Negra;216706;2004;97.007;pop, latin;0.731;6;-4.419
Busta Rhymes;Pass The Courvoisier Part II (feat. P. Diddy & Pharrell) - Remix;238600;2001;89.767;hip hop, pop;0.793;6;-4.699
Jax Jones;All Day And Night;169303;2019;121.908;hip hop, pop, Dance/Electronic;0.782;1;-4.101
Shop Boyz;Party Like A Rock Star;253400;2007;144.972;hip hop, pop;0.709;7;-4.633
Coldplay;Violet Hill;222653;2008;76.093;rock, pop;0.58;1;-7.875
Desiigner;Tiimmy Turner;239853;2016;122.803;hip hop, pop;0.725;6;-3.054
The Saturdays;What About Us;220682;2013;123.973;pop, Dance/Electronic;0.68;7;-4.751
Sean Paul;Like Glue;232506;2002;97.917;hip hop, pop;0.78;1;-5.038
MARINA;How to Be a Heartbreaker;221493;2012;140.05;pop, Dance/Electronic;0.897;11;-4.696
ScHoolboy Q;Collard Greens;299960;2014;153.972;hip hop, pop;0.571;11;-4.871
Nelly Furtado;Say It Right;223080;2006;116.948;hip hop, pop, latin;0.872;1;-6.328
Darude;Sandstorm;225493;2001;136.065;pop, Dance/Electronic;0.965;11;-7.984
Shinedown;Second Chance;222066;2008;100.011;rock, metal;0.796;0;-4.501
Linkin Park;Breaking the Habit;196906;2003;100.021;rock, metal;0.849;4;-5.218
BLACKPINK;Kill This Love;189052;2019;131.98;pop;0.861;2;-4.141
Lady Gaga;Bad Romance;294573;2009;119.001;pop;0.921;0;-3.755
Chris Brown;Forever;278573;2008;120.005;hip hop, pop, R&B;0.82;11;-4.456
Post Malone;Wow.;149546;2019;99.96;hip hop;0.539;11;-7.359
Becky G;Sin Pijama;188560;2018;94.014;pop, latin;0.745;11;-3.695
Jamie Foxx;Blame It;289746;2008;176.052;hip hop, pop, R&B;0.614;7;-5.426
Christina Milian;AM To PM;231213;2001;105.005;hip hop, pop, R&B;0.868;10;-3.036
Bridgit Mendler;Ready or Not;200946;2012;93.043;pop;0.872;2;-3.835
Nick Jonas;Close;234213;2016;123.996;pop;0.623;6;-5.273
Brandy;Full Moon;248933;2002;105.922;hip hop, pop, R&B;0.654;10;-4.823
Jonas Brothers;Only Human;183000;2019;94.01;pop;0.496;0;-5.883
Kaiser Chiefs;Ruby;204200;2007;93.416;rock;0.939;5;-2.82
Alicia Keys;You Don't Know My Name;366733;2003;167.078;pop, R&B;0.663;9;-8.264
Mis-Teeq;All I Want - Sunship Radio Edit;207400;2004;134.079;pop, Dance/Electronic;0.919;9;-3.07
Green Day;21 Guns;321093;2009;159.779;rock;0.742;5;-4.939
La Roux;In For The Kill;248626;2009;150.01;pop, Dance/Electronic;0.969;8;-0.276
JAY-Z;Numb / Encore;205733;2004;107.045;hip hop;0.793;2;-4.254
JAY-Z;03' Bonnie & Clyde;205560;2002;89.64;hip hop;0.678;9;-5.148
Katy Perry;Unconditionally;228878;2013;129.003;pop;0.729;7;-4.813
Justin Timberlake;My Love (feat. T.I.);276160;2006;119.952;pop;0.68;11;-5.881
Jordin Sparks;One Step At a Time;205160;2007;102.028;pop, R&B;0.692;1;-4.672
Chingy;Holidae In;314400;2003;153.067;hip hop, pop, R&B;0.791;7;-5.909
Drake;I'm Upset;214466;2018;150.002;hip hop, pop, R&B;0.586;11;-7.866
YG;BIG BANK (feat. 2 Chainz, Big Sean, Nicki Minaj);237240;2018;203.911;hip hop, pop;0.346;1;-7.709
Mariah Carey;Against All Odds (Take A Look at Me Now) (feat. Westlife);199480;2011;117.338;pop, R&B;0.514;1;-5.599
Regard;Ride It;157605;2019;117.948;pop, Dance/Electronic;0.751;7;-4.258
Dominic Fike;3 Nights;177666;2018;151.891;rock, pop;0.518;7;-6.594
Big Tymers;Still Fly;335613;2002;177.928;hip hop, pop;0.607;11;-3.538
Flume;Say It;262521;2016;75.255;Dance/Electronic;0.531;3;-6.829
Big Sean;Bounce Back;222360;2017;81.502;hip hop, pop;0.575;1;-5.628
112;It's Over Now;264933;2001;97.988;hip hop, pop, R&B;0.71;1;-4.541
David Guetta;Memories (feat. Kid Cudi);210853;2010;129.983;hip hop, pop, Dance/Electronic;0.916;8;-3.932
Iggy Azalea;Fancy;199938;2014;94.981;hip hop, pop;0.716;10;-4.141
MØ;Final Song;235826;2016;104.988;pop, Dance/Electronic;0.672;1;-6.109
Dr. Dre;I Need A Doctor;283733;2011;155.826;hip hop;0.946;3;-4.521
Polo G;Pop Out (feat. Lil Tjay);166560;2019;168.112;hip hop;0.639;1;-7.119
D12;How Come;249533;2004;89.983;hip hop, pop, rock;0.858;9;-2.221
Kasabian;Fire;252279;2009;117.029;rock;0.742;10;-5.643
Bingo Players;Get Up (Rattle) - Vocal Edit;166933;2013;127.99;pop, Dance/Electronic;0.985;7;-2.69
Ed Sheeran;Don't;219840;2014;95.049;pop;0.608;1;-7.008
Britney Spears;Circus;192360;2008;114.98;pop;0.733;6;-5.215
Madonna;Hung Up;337733;2005;125.02;pop;0.647;9;-7.695
Take That;The Flood;289359;2010;100.631;pop;0.83;11;-6.077
Chris Brown;Yeah 3x;241666;2011;130.0;hip hop, pop, R&B;0.882;11;-3.201
Diddy;Come to Me (feat. Nicole Scherzinger);276786;2006;96.998;hip hop, pop;0.485;6;-6.45
No Doubt;It's My Life;226053;2003;126.326;rock, pop;0.735;8;-5.074
Maroon 5;Don't Wanna Know (feat. Kendrick Lamar);214265;2018;100.047;pop;0.61;7;-6.124
Rae Sremmurd;Black Beatles;291893;2016;145.926;hip hop, pop;0.632;0;-6.163
Katy Perry;This Is How We Do;204285;2013;96.0;pop;0.636;9;-6.028
Arctic Monkeys;Do I Wanna Know?;272394;2013;85.03;rock;0.532;5;-7.596
Fergie;London Bridge;241306;2006;90.951;pop, R&B;0.609;1;-5.894
Shawn Mendes;Stitches;206880;2015;149.882;pop;0.754;1;-6.684
Tame Impala;The Less I Know The Better;216320;2015;116.879;metal;0.74;4;-4.083
Enrique Iglesias;I Like It;231373;2010;129.007;pop, latin;0.942;10;-2.881
Marc Anthony;You Sang To Me;347106;1999;165.98;pop, latin;0.894;10;-5.42
Razorlight;America;249760;2006;90.933;rock, pop;0.568;2;-4.975
Trey Songz;Can't Help but Wait;206413;2007;94.977;hip hop, pop, R&B;0.699;8;-5.564
Cher Lloyd;Want U Back;214013;2011;97.954;pop, Dance/Electronic;0.893;9;-2.963
Franz Ferdinand;Take Me Out;237026;2004;104.561;rock;0.663;4;-8.821
Gwen Stefani;Hollaback Girl;199853;2004;110.007;pop, R&B;0.916;10;-2.221
Tinie Tempah;Girls Like (feat. Zara Larsson);196000;2016;120.028;hip hop, pop, Dance/Electronic;0.804;0;-3.406
Blue;U Make Me Wanna - Radio Edit;222400;2003;158.108;pop;0.736;7;-6.228
Taio Cruz;Break Your Heart;201546;2010;122.01;hip hop, pop;0.934;3;-4.217
Dennis Lloyd;Nevermind;156600;2017;99.977;pop;0.688;5;-8.339
Charli Baltimore;Down 4 U;318213;2002;83.133;pop;0.59;7;-7.442
Ed Sheeran;"I See Fire - From ""The Hobbit - The Desolation Of Smaug""";300840;2013;152.037;pop;0.0549;10;-20.514
Selena Gomez;The Heart Wants What It Wants;227373;2014;83.066;pop;0.789;7;-4.874
Terror Squad;Lean Back;247426;2004;95.321;hip hop;0.916;1;-3.344
Kylie Minogue;Can't Get You out of My Head;230640;2001;126.007;pop, Dance/Electronic;0.563;9;-7.516
Daniel Bedingfield;Gotta Get Thru This - D'N'D Radio Edit;161240;2002;133.592;pop;0.764;7;-5.076
S Club 7;Don't Stop Movin';233626;2001;117.033;pop;0.672;7;-6.133
Far East Movement;Like A G6;216893;2010;124.913;hip hop, pop;0.837;3;-8.126
Shakira;La Tortura (feat. Alejandro Sanz);212893;2005;100.011;pop, latin;0.783;0;-5.367
Ashanti;Only U - No Intro;186306;2004;94.547;hip hop, pop, R&B;0.621;6;-5.576
Jay Sean;Down;212106;2009;65.997;hip hop, pop, R&B;0.695;2;-4.493
Alex Gaudino;Destination Calabria - Radio Edit;223111;2007;128.016;Dance/Electronic;0.954;2;-4.804
Hugh Jackman;The Greatest Show;302146;2017;157.92;easy listening;0.824;11;-7.36
A$AP Ferg;Plain Jane;173600;2017;170.142;hip hop, pop;0.844;11;-5.482
Bow Wow;Like You (feat. Ciara);205840;2005;82.017;hip hop, pop, R&B;0.6;6;-8.365
Timbaland;Carry Out (Featuring Justin Timberlake);232466;2009;115.68;hip hop, pop, R&B;0.574;10;-6.693
JAY-Z;Holy Grail;338413;2013;145.082;hip hop;0.534;2;-6.901
CNCO;Reggaetón Lento (Remix);188786;2017;93.984;pop, latin;0.909;4;-3.079
Akon;Bananza (Belly Dancer);238493;2004;104.838;pop;0.699;10;-5.897
Meek Mill;All Eyes on You (feat. Chris Brown & Nicki Minaj);223973;2015;77.521;hip hop, pop;0.658;11;-5.288
Camila Cabello;Never Be the Same;226973;2018;129.923;pop;0.713;0;-4.333
Lady Gaga;Telephone;220640;2009;122.014;pop;0.836;3;-5.903
Jason Derulo;Talk Dirty (feat. 2 Chainz);177685;2013;100.315;hip hop, pop;0.652;6;-7.321
Vengaboys;Shalala Lala;214819;2000;124.017;pop;0.901;2;-5.802
Destiny's Child;Jumpin', Jumpin';230200;1999;88.997;pop, R&B;0.685;1;-4.639
Lunay;Soltera - Remix;266086;2019;92.01;pop, latin;0.783;5;-4.271
Avicii;The Nights;176658;2014;125.983;pop, Dance/Electronic;0.835;6;-5.298
Silentó;Watch Me (Whip / Nae Nae);185131;2015;139.982;hip hop;0.768;8;-8.522
Icona Pop;I Love It;156773;2012;125.953;pop, Dance/Electronic;0.901;1;-2.686
Pretty Ricky;Your Body;240040;2005;90.038;hip hop, pop, R&B;0.594;4;-5.695
Donell Jones;"U Know What's Up (feat. Lisa ""Left Eye"" Lopes)";243733;1999;103.032;pop, R&B;0.543;8;-6.166
MARINA;Primadonna;221075;2012;127.98;pop, Dance/Electronic;0.689;4;-2.671
X Ambassadors;Renegades;195200;2015;90.052;hip hop, rock, pop;0.862;2;-6.003
Fifth Harmony;All In My Head (Flex) (feat. Fetty Wap);210573;2016;95.04;pop;0.791;0;-5.194
Anastacia;Left Outside Alone;257426;2004;102.847;pop;0.746;2;-3.567
Arctic Monkeys;When The Sun Goes Down;202133;2006;169.152;rock;0.875;11;-4.758
Nicki Minaj;Super Bass;200013;2010;126.991;hip hop, pop;0.861;11;-4.339
Kesha;Blow;219973;2010;120.013;pop, Dance/Electronic;0.729;11;-3.862
Justin Timberlake;Rock Your Body;267266;2002;100.972;pop;0.714;4;-6.055
Melanie C;Never Be The Same Again;294200;1999;160.067;pop, Dance/Electronic;0.685;3;-5.153
Avant;Separated;255600;2000;108.241;pop, R&B;0.48;0;-5.564
50 Cent;Outta Control - Remix;247506;2005;92.029;hip hop, pop;0.599;8;-5.996
Duck Sauce;Barbra Streisand - Radio Edit;196533;2010;127.965;Dance/Electronic;0.922;1;-1.966
Ciara;Body Party;234040;2013;133.973;pop, R&B;0.576;2;-6.299
Coldplay;Clocks;307879;2002;130.97;rock, pop;0.749;5;-7.215
Rihanna;Pon de Replay;246960;2005;99.019;hip hop, pop, R&B;0.64;7;-8.415
Green Day;Boulevard of Broken Dreams;261266;2004;167.046;rock;0.679;8;-3.68
Clean Bandit;Symphony (feat. Zara Larsson);214866;2017;122.95;pop, Dance/Electronic;0.609;0;-4.699
Black Eyed Peas;Pump It;213066;2005;153.649;hip hop, pop;0.931;1;-3.15
Dido;White Flag;240040;2003;169.951;pop;0.525;5;-6.823
Drake;Hotline Bling;267066;2016;134.966;hip hop, pop, R&B;0.628;2;-7.863
Fatman Scoop;Be Faithful;164506;2009;101.129;hip hop;0.713;7;-6.488
LL Cool J;Control Myself;233973;2006;120.066;hip hop, pop, R&B;0.876;10;-6.556
Lil Wayne;Love Me;255053;2013;124.906;hip hop, pop;0.634;11;-6.476
Anne-Marie;2002;186986;2018;96.133;pop, Dance/Electronic;0.683;1;-2.881
Taylor Swift;...Ready For It?;208186;2017;160.015;pop;0.764;2;-6.509
Rihanna;Rude Boy;222920;2009;173.906;hip hop, pop, R&B;0.75;11;-4.496
Justin Bieber;Friends (with BloodPop®);189466;2017;104.99;pop;0.739;8;-5.35
XXXTENTACION;SAD!;166605;2018;75.023;hip hop;0.613;8;-4.88
Benny Benassi;Satisfaction (Isak Original Extended) - Benny Benassi Presents The Biz;285570;2003;130.017;pop, Dance/Electronic;0.698;11;-3.626
Aaliyah;Miss You - Main;245240;2002;109.598;hip hop, pop, R&B;0.34;10;-9.867
Lemar;If There's Any Justice;229080;2004;89.993;R&B;0.665;6;-5.348
Christina Aguilera;Come on over Baby (All I Want Is You) - Radio Version;203333;1999;118.903;pop;0.915;8;-3.205
Little Mix;Black Magic;211773;2015;111.987;pop;0.896;4;-4.467
Ashanti;Foolish;227386;2002;90.119;hip hop, pop, R&B;0.695;0;-5.763
Lily Allen;The Fear;207120;2009;134.002;pop;0.847;10;-6.948
Jimmy Eat World;The Middle;165853;2001;162.152;rock, pop;0.849;2;-5.428
Gym Class Heroes;Stereo Hearts (feat. Adam Levine);210960;2011;89.99;hip hop, pop;0.795;9;-3.293
Beyoncé;7/11;213506;2014;136.024;pop, R&B;0.705;9;-5.137
Justin Bieber;Sorry;200786;2015;99.945;pop;0.76;0;-3.669
Clean Bandit;Rather Be (feat. Jess Glynne);227833;2014;120.97;pop, Dance/Electronic;0.586;11;-6.735
OneRepublic;All The Right Moves;238000;2009;146.024;pop;0.948;0;-3.527
Pitbull;Hotel Room Service;238506;2009;126.003;hip hop, pop, latin;0.599;6;-8.164
Jennifer Lopez;Get Right;225533;2005;97.084;hip hop, pop, R&B;0.759;0;-5.096
Moloko;The Time Is Now;318280;2000;127.962;pop, Dance/Electronic;0.743;9;-10.644
Chord Overstreet;Hold On;198853;2017;119.949;pop, Folk/Acoustic;0.443;2;-9.681
A$AP Rocky;F**kin' Problems (feat. Drake, 2 Chainz & Kendrick Lamar);233786;2013;95.967;hip hop;0.693;1;-6.87
Rich Boy;Throw Some D's;263920;2007;160.895;hip hop, pop;0.86;11;-5.181
Zedd;Clarity;271426;2012;128.006;hip hop, pop, Dance/Electronic;0.78;8;-3.464
Baby Bash;Suga Suga;239026;2003;82.331;hip hop, pop, R&B, latin;0.748;5;-3.041
Sean Paul;I'm Still in Love with You (feat. Sasha);273360;2002;87.002;hip hop, pop;0.666;7;-5.384
Britney Spears;I Wanna Go;210266;2011;130.002;pop;0.546;5;-6.55
Calvin Harris;I'm Not Alone - Radio Edit;210973;2009;130.99;hip hop, pop, Dance/Electronic;0.684;7;-6.614
99 Souls;The Girl Is Mine;216613;2016;118.991;Dance/Electronic;0.943;9;-3.6
Sak Noel;Loca People - Radio Edit;215624;2011;127.998;Dance/Electronic;0.808;11;-3.148
B.o.B;Magic (feat. Rivers Cuomo);196133;2010;82.439;hip hop, pop;0.932;8;-4.11
Billie Eilish;bury a friend;193143;2019;120.046;pop, Dance/Electronic;0.389;8;-14.505
fun.;We Are Young (feat. Janelle Monáe);250626;2012;184.086;rock, pop;0.638;10;-5.576
Britney Spears;Born to Make You Happy;243533;1999;84.11;pop;0.922;11;-4.842
DJ Khaled;I'm On One;296146;2011;149.33;hip hop, pop;0.807;11;-3.499
September;Cry for You;209800;2007;130.018;pop, Dance/Electronic;0.881;9;-3.988
Atomic Kitten;Eternal Flame - Single Version;195506;2001;83.293;pop;0.581;0;-6.867
Rob $tone;Chill Bill (feat. J. Davi$ & Spooks);177184;2016;108.034;hip hop;0.427;6;-10.028
Miley Cyrus;Party In The U.S.A.;202066;2009;96.021;pop;0.698;10;-4.667
Crazy Town;Butterfly;216733;1999;103.502;rock, metal;0.811;9;-4.17
Rudimental;Feel the Love (feat. John Newman);245186;2013;179.911;pop, Dance/Electronic;0.706;1;-6.849
Will Young;Leave Right Now;214733;2003;81.931;pop;0.445;6;-8.674
Bruno Mars;Locked out of Heaven;233478;2012;143.994;pop;0.698;5;-4.165
Sean Kingston;Eenie Meenie;201946;2010;121.223;hip hop, pop, R&B;0.607;1;-4.168
Huey;Pop, Lock & Drop It - Video Edit;261026;2006;144.09;hip hop, pop;0.644;11;-6.863
Daniel Bedingfield;If You're Not The One;257026;2002;119.998;pop;0.538;10;-7.608
Lady A;Need You Now;236440;2010;107.884;pop, country;0.717;4;-4.433
Anuel AA;China;301714;2019;105.027;latin;0.808;7;-3.702
Leona Lewis;Run;314720;2007;142.365;pop, R&B;0.462;5;-6.166
K-Ci & JoJo;Crazy;262773;2019;116.097;pop, R&B;0.644;0;-4.507
Beyoncé;Drunk in Love (feat. Jay-Z);323480;2014;140.03;pop, R&B;0.621;5;-6.902
Eve;Let Me Blow Ya Mind;230133;2001;90.032;hip hop, pop, R&B;0.557;8;-4.243
Leona Lewis;Bleeding Love;262466;2007;104.036;pop, R&B;0.656;5;-5.886
Avant;Read Your Mind;263506;2003;73.108;pop, R&B;0.381;8;-6.696
Papa Roach;Scars;208199;2004;89.782;rock, metal;0.929;11;-3.295
The Pussycat Dolls;Buttons;225560;2005;210.851;pop, R&B;0.817;2;-4.338
Britney Spears;Overprotected - Radio Edit;198600;2001;95.992;pop;0.894;0;-1.73
Katie Melua;The Closest Thing to Crazy;252466;2003;127.831;pop, easy listening, jazz;0.219;4;-13.2
3 Doors Down;When I'm Gone;260333;2002;148.095;pop, rock, metal;0.768;7;-5.611
Jordin Sparks;Battlefield;241920;2009;144.953;pop, R&B;0.634;2;-3.472
Nelly Furtado;Promiscuous;242293;2006;114.328;hip hop, pop, latin;0.97;10;-6.098
Lil Wayne;Lollipop;299333;2008;148.075;hip hop, pop;0.428;0;-9.469
Sunshine Anderson;Heard It All Before;295826;2001;96.951;pop, R&B;0.925;3;-4.209
Rihanna;Disturbia;238626;2008;124.921;hip hop, pop, R&B;0.813;11;-4.515
T-Pain;I'm Sprung;231040;2005;99.991;hip hop, pop, R&B;0.329;0;-11.617
Mann;Buzzin Remix;224333;2011;104.029;hip hop, pop;0.939;10;-4.372
Drake;Find Your Love;208946;2010;96.033;hip hop, pop, R&B;0.613;6;-6.005
JLS;Beat Again - Radio Edit;196640;2009;120.02;pop;0.93;11;-4.577
Chingy;One Call Away;276800;2003;162.519;hip hop, pop, R&B;0.821;4;-5.926
Duke Dumont;I Got U;285596;2014;120.837;pop, Dance/Electronic;0.761;9;-7.752
Lost Frequencies;Are You With Me - Radio Edit;138842;2014;121.03;pop, Dance/Electronic;0.574;5;-9.882
Chris Brown;Ayo;225226;2015;98.031;hip hop, pop, R&B;0.563;6;-5.095
Monica;So Gone;242773;2003;81.975;pop, R&B;0.552;8;-6.863
Galantis;No Money;189126;2016;126.01;pop, Dance/Electronic;0.916;6;-4.014
Lil Nas X;Old Town Road - Remix;157066;2019;136.041;hip hop, pop;0.619;6;-5.56
Lorde;Homemade Dynamite - REMIX;214254;2017;106.996;pop, Dance/Electronic;0.548;0;-4.997
B2K;Bump, Bump, Bump (feat. P. Diddy);282773;2003;95.508;hip hop, pop, R&B;0.68;1;-6.02
Christina Aguilera;"Lady Marmalade - From ""Moulin Rouge"" Soundtrack";264893;2001;109.919;pop;0.801;5;-3.769
Yung Joc;It's Goin' Down (feat. Nitti);241840;2006;84.003;hip hop, pop;0.577;1;-7.702
Ludacris;Runaway Love;280680;2006;92.854;hip hop, pop;0.721;1;-6.97
Alanis Morissette;Hands Clean;269400;2002;99.952;pop, Folk/Acoustic;0.82;7;-5.428
David Guetta;Where Them Girls At (feat. Nicki Minaj & Flo Rida);194840;2012;129.884;hip hop, pop, Dance/Electronic;0.876;3;-3.078
Take That;Patience;202066;2006;175.788;pop;0.783;10;-4.154
Special D.;Come With Me - Radio Edit;185133;2004;139.982;pop;0.999;7;-5.077
Saving Abel;Addicted;222826;2008;138.018;rock, metal;0.864;7;-4.146
50 Cent;P.I.M.P.;249480;2003;84.722;hip hop, pop;0.772;10;-3.024
Jonas Brothers;Sucker;181026;2019;137.958;pop;0.734;1;-5.065
The Chainsmokers;This Feeling;197946;2018;105.049;pop, Dance/Electronic;0.571;1;-7.906
Demi Lovato;Heart Attack;210840;2013;173.968;pop;0.785;8;-4.802
INNA;Hot - Play & Win Radio Version;217036;2010;128.0;pop;0.939;7;-6.079
Maroon 5;This Love;206200;2002;95.051;pop;0.862;5;-4.612
Pitbull;Give Me Everything (feat. Ne-Yo, Afrojack & Nayer);252306;2011;129.024;hip hop, pop, latin;0.939;8;-3.206
Sean Paul;(When You Gonna) Give It Up to Me (feat. Keyshia Cole) - Radio Version;243880;2006;95.824;hip hop, pop;0.761;8;-3.04
Destiny's Child;Independent Women, Pt. 1;221133;2001;97.954;pop, R&B;0.602;6;-3.782
Jennifer Lopez;Love Don't Cost a Thing;221226;2001;97.577;hip hop, pop, R&B;0.842;4;-5.115
D4L;Laffy Taffy;224253;2005;77.499;hip hop, pop;0.439;7;-7.994
Cobra Starship;Good Girls Go Bad (feat. Leighton Meester);196413;2009;119.964;pop, Dance/Electronic;0.874;0;-3.716
Katy Perry;Waking Up In Vegas;199186;2008;130.989;pop;0.878;5;-3.108
ScHoolboy Q;Man Of The Year;216013;2014;111.959;hip hop, pop;0.861;3;-5.234
Olly Murs;Wrapped Up (feat. Travie McCoy);185640;2014;121.989;pop, Dance/Electronic;0.848;1;-4.696
Alessia Cara;Scars To Your Beautiful;230226;2016;194.169;pop, R&B;0.739;0;-5.74
Ella Henderson;Ghost;213213;2014;104.975;pop, Dance/Electronic;0.84;9;-3.823
Madonna;Don't Tell Me;280973;2000;99.965;pop;0.618;7;-7.338
Nico & Vinz;Am I Wrong;245866;2014;119.968;hip hop, pop;0.675;8;-6.003
Sigala;Sweet Lovin' - Radio Edit;202149;2015;124.977;pop, Dance/Electronic;0.91;10;-1.231
Las Ketchup;The Ketchup Song (Aserejé) - Spanglish Version;213973;2002;184.819;set();0.923;1;-6.777
Rihanna;SOS;238920;2006;137.046;hip hop, pop, R&B;0.671;7;-4.905
David Guetta;Flames;194680;2018;93.95;hip hop, pop, Dance/Electronic;0.649;5;-5.892
NLE Choppa;Shotta Flow (feat. Blueface) [Remix];176631;2019;120.08;hip hop;0.511;2;-4.768
Destiny's Child;Bootylicious;207906;2001;103.376;pop, R&B;0.835;1;-4.386
Madcon;Beggin (original version);216146;2007;129.023;hip hop, pop;0.8;4;-5.144
Ja Rule;Livin' It Up;257066;2001;106.095;hip hop, pop, R&B;0.768;6;-4.086
Ariana Grande;break up with your girlfriend, i'm bored;190440;2019;169.999;pop;0.554;5;-5.29
Craig David;Fill Me In;257200;2000;132.493;hip hop, pop, R&B;0.744;8;-6.981
Selena Gomez;Come & Get It;231986;2013;79.979;pop;0.787;7;-4.1
Drake;Jumpman;205879;2015;142.079;hip hop, pop, R&B;0.558;1;-7.448
S Club 7;Have You Ever;201533;2001;139.909;pop;0.702;0;-5.734
112;Peaches & Cream;193093;2001;203.862;hip hop, pop, R&B;0.52;4;-6.255
Alicia Keys;Diary (feat. Tony! Toni! Tone! & Jermaine Paul);284160;2003;127.932;pop, R&B;0.465;8;-9.711
50 Cent;"Wanksta - From ""8 Mile"" Soundtrack";219400;2003;81.008;hip hop, pop;0.863;1;-3.552
Maroon 5;Misery;216200;2010;102.978;pop;0.81;4;-4.874
Bruno Mars;Grenade;222091;2010;110.444;pop;0.558;2;-7.273
Rihanna;Hard;250600;2009;182.032;hip hop, pop, R&B;0.746;1;-3.599
DJ Snake;Taki Taki (feat. Selena Gomez, Ozuna & Cardi B);212500;2019;95.881;hip hop, pop, Dance/Electronic;0.801;8;-4.167
Blue;All Rise;223546;2001;97.996;pop;0.737;5;-2.734
Mike Posner;Cooler Than Me - Single Mix;213293;2010;129.965;hip hop, pop, Dance/Electronic;0.82;7;-4.63
Post Malone;Sunflower - Spider-Man: Into the Spider-Verse;157560;2019;89.96;hip hop;0.522;2;-4.368
Maroon 5;Payphone;231173;2012;110.015;pop;0.752;4;-4.813
Clean Bandit;Rockabye (feat. Sean Paul & Anne-Marie);251088;2016;101.965;pop, Dance/Electronic;0.763;9;-4.068
Lana Del Rey;Doin' Time;202192;2019;144.982;pop;0.559;7;-11.132
Flo Rida;Club Can't Handle Me (feat. David Guetta);234560;2010;127.966;hip hop, pop;0.869;0;-3.911
Jennifer Hudson;Spotlight;250106;2008;108.984;pop, R&B, easy listening;0.724;11;-3.887
The Offspring;You're Gonna Go Far, Kid;177826;2008;126.115;rock, pop, metal;0.917;0;-3.159
P!nk;Sober;251440;2010;91.066;pop;0.792;6;-4.907
Edward Maya;Stereo Love - Radio Edit;184573;2010;127.041;pop;0.783;1;-3.896
Shaggy;It Wasn't Me;227600;2000;94.759;hip hop, pop;0.606;0;-4.596
Ed Sheeran;Perfect;263400;2017;95.05;pop;0.448;8;-6.312
Normani;Motivation;193837;2019;170.918;pop, R&B;0.887;4;-3.967
Nio Garcia;Te Boté - Remix;417920;2018;96.507;latin;0.675;11;-3.445
The Shapeshifters;Lola's Theme - Radio Edit;207066;2004;123.925;Dance/Electronic;0.845;5;-4.612
Coldplay;Speed of Sound;287906;2005;123.067;rock, pop;0.898;11;-6.765
Tyrese;How You Gonna Act Like That;294693;2002;112.913;hip hop, pop, R&B;0.521;3;-3.657
Ed Sheeran;Take Me Back to London (feat. Stormzy);189733;2019;138.058;pop;0.762;8;-5.513
Creed;My Sacrifice;294600;2001;146.349;pop, rock, metal;0.88;2;-6.035
DMX;Party Up;268866;1999;201.936;hip hop, pop;0.931;11;-3.302
5 Seconds of Summer;Youngblood;203417;2018;120.274;pop;0.854;7;-5.114
The All-American Rejects;Dirty Little Secret;193653;2005;143.853;rock, pop;0.955;10;-4.253
Machine Gun Kelly;Home (with Machine Gun Kelly, X Ambassadors & Bebe Rexha);202804;2017;82.034;hip hop, pop;0.718;3;-5.232
Justin Bieber;One Time;215866;2009;145.999;pop;0.853;1;-2.528
Kings of Leon;Sex on Fire;203346;2008;153.398;rock;0.905;9;-5.653
Eminem;Without Me;290320;2002;112.238;hip hop;0.669;7;-2.827
Swedish House Mafia;Don't You Worry Child - Radio Edit;212862;2012;129.042;pop, Dance/Electronic;0.84;11;-3.145
G-Eazy;Him & I (with Halsey);268866;2017;87.908;hip hop, pop;0.731;2;-6.343
Musiq Soulchild;Love;304666;2000;99.738;pop, R&B;0.385;1;-9.919
Kanye West;All Falls Down;223506;2004;91.03;hip hop;0.734;8;-4.832
Echosmith;Cool Kids;237626;2013;130.027;pop;0.671;8;-6.279
Drake;Money In The Grave (Drake ft. Rick Ross);205426;2019;100.541;hip hop, pop, R&B;0.502;10;-4.045
Imagine Dragons;Believer;204346;2017;124.982;rock;0.787;10;-4.305
Jack White;Another Way to Die;262240;2007;141.933;rock, blues;0.765;4;-4.23
The Fray;How to Save a Life;262533;2005;122.035;pop;0.743;10;-4.08
Linkin Park;Bleed It Out;166373;2007;140.127;rock, metal;0.967;1;-3.647
Good Charlotte;Lifestyles of the Rich & Famous;190173;2002;106.22;rock, metal;0.93;1;-3.685
The Pussycat Dolls;Stickwitu;207506;2005;79.918;pop, R&B;0.554;9;-6.408
Snoop Dogg;Signs;236813;2004;112.955;hip hop, pop;0.713;7;-5.308
Drake;Forever;357706;2009;104.02;hip hop, pop, R&B;0.906;5;-2.278
Eminem;Mockingbird;250760;2004;84.039;hip hop;0.678;0;-3.798
Fetty Wap;Trap Queen;222093;2015;148.075;hip hop, pop;0.873;7;-3.803
Maroon 5;Sugar;235493;2014;120.042;pop;0.783;1;-7.077
Samantha Mumba;Gotta Tell You;201946;2018;109.981;pop;0.632;0;-8.75
NF;Let You Down;212120;2017;147.997;hip hop, pop;0.714;5;-5.68
Chad Kroeger;Hero (feat. Josey Scott);200480;2003;147.387;metal;0.843;4;-4.54
2 Chainz;We Own It (Fast & Furious);227906;2013;171.999;hip hop, pop;0.902;1;-4.586
Arctic Monkeys;Brianstorm;172866;2007;165.182;rock;0.974;1;-4.706
Infernal;From Paris to Berlin;209666;2004;126.069;pop;0.869;9;-6.534
Red Hot Chili Peppers;By the Way;216933;2002;122.444;rock;0.97;0;-4.938
Bob Sinclar;Rock This Party - Everybody Dance Now;245466;2006;128.009;pop, Dance/Electronic;0.823;5;-3.708
Trey Songz;Na Na;231906;2015;96.975;hip hop, pop, R&B;0.476;9;-6.253
Sugababes;Freak Like Me;195866;2002;91.868;pop, R&B;0.919;5;-3.451
Pharrell Williams;"Happy - From ""Despicable Me 2""";232720;2014;160.019;hip hop, pop;0.822;5;-4.662
Enrique Iglesias;Do You Know? (The Ping Pong Song);219533;2007;114.999;pop, latin;0.759;8;-4.829
Colby O'Donis;What You Got;243013;2008;119.974;hip hop, pop, R&B;0.641;1;-6.718
Pitbull;Feel This Moment (feat. Christina Aguilera);229506;2012;135.956;hip hop, pop, latin;0.758;7;-3.632
Ella Mai;Trip;213993;2018;79.882;hip hop, pop, R&B;0.61;11;-5.628
Ludacris;Stand Up;213760;2003;99.057;hip hop, pop;0.84;6;-4.855
Aaliyah;Rock The Boat;275026;2019;92.988;hip hop, pop, R&B;0.72;5;-5.209
Fragma;Everytime You Need Me - Radio Version;213346;2001;137.029;pop, Dance/Electronic;0.917;11;-5.459
Kodak Black;ZEZE (feat. Travis Scott & Offset);228759;2018;98.043;hip hop;0.603;8;-5.788
Ginuwine;In Those Jeans;243306;2003;127.683;hip hop, pop, R&B;0.541;1;-5.873
Case;Missing You;284666;2001;86.31;hip hop, pop, R&B;0.579;1;-6.417
Imagine Dragons;Whatever It Takes;201240;2017;134.945;rock;0.655;10;-5.021
Shawn Mendes;Treat You Better;187973;2017;82.695;pop;0.819;10;-4.078
P!nk;Try;247906;2012;103.998;pop;0.628;2;-7.079
Edward Maya;Stereo Love - Radio Edit;184573;2010;127.041;pop;0.783;1;-3.896
Britney Spears;I'm Not a Girl, Not Yet a Woman;231066;2001;78.996;pop;0.543;3;-6.857
50 Cent;Candy Shop;209106;2005;125.173;hip hop, pop;0.574;11;-7.961
Lorde;Royals;190185;2013;84.878;pop, Dance/Electronic;0.428;7;-9.504
Katy Perry;Roar;223546;2013;179.984;pop;0.772;7;-4.821
Destiny's Child;Survivor;254026;2001;161.109;pop, R&B;0.911;1;-2.027
Daughtry;It's Not Over;215173;2016;145.959;pop, rock, metal;0.921;10;-3.476
Katy Perry;Last Friday Night (T.G.I.F.);230746;2012;126.03;pop;0.815;3;-3.796
Kylie Minogue;Wow;190973;2007;124.072;pop, Dance/Electronic;0.884;9;-5.466
Years & Years;King;215360;2015;119.977;pop, Dance/Electronic;0.848;4;-4.125
Rihanna;Te Amo;208426;2009;171.917;hip hop, pop, R&B;0.707;8;-5.455
Mary J. Blige;Rainy Dayz;276373;2001;68.942;pop, R&B;0.667;6;-6.997
Rita Ora;Anywhere;215064;2017;106.93;hip hop, pop, Dance/Electronic;0.797;11;-3.953
Jessie J;Bang Bang;199386;2014;150.028;hip hop, pop;0.786;0;-3.417
Amy Winehouse;Back To Black;241293;2006;122.728;R&B;0.422;7;-13.964
Bruno Mars;Just the Way You Are;220734;2010;109.021;pop;0.841;5;-5.379
Blazin' Squad;Crossroads - Radio Edit;188693;2012;144.188;set();0.746;4;-5.153
J. Cole;Power Trip (feat. Miguel);241160;2013;99.991;hip hop;0.61;1;-7.054
Kendrick Lamar;All The Stars (with SZA);232186;2018;96.924;hip hop;0.633;8;-4.946
Beyoncé;Baby Boy (feat. Sean Paul);244826;2003;91.025;pop, R&B;0.488;1;-9.17
Mabel;Mad Love;169813;2019;198.065;pop, Dance/Electronic;0.803;0;-2.974
Starley;Call on Me - Ryan Riback Remix;222040;2016;105.0;pop, Dance/Electronic;0.838;0;-4.031
Maroon 5;Girls Like You (feat. Cardi B) - Cardi B Version;235545;2018;124.959;pop;0.541;0;-6.825
Skillet;Monster;178013;2009;134.992;rock, pop, metal;0.957;8;-2.336
Bob Sinclar;Love Generation - Radio Edit;207613;2005;128.04;pop, Dance/Electronic;0.812;1;-5.758
Panic! At The Disco;High Hopes;190946;2018;82.014;rock;0.904;5;-2.729
Britney Spears;I'm a Slave 4 U;203600;2001;110.027;pop;0.843;5;-3.579
Electric Six;Danger! High Voltage - Soulchild Radio Mix;214600;2003;123.005;rock;0.698;11;-4.722
Nicki Minaj;Starships;210626;2012;125.008;hip hop, pop;0.716;11;-2.457
Jennifer Lopez;I'm Real (feat. Ja Rule) - Murder Remix;262133;2001;83.46;hip hop, pop, R&B;0.587;11;-7.93
Jessica Simpson;With You;191826;2003;94.487;pop, R&B;0.756;0;-4.583
Maroon 5;Cold (feat. Future);234308;2017;99.905;pop;0.716;9;-6.288
50 Cent;Just A Lil Bit;237706;2005;96.946;hip hop, pop;0.692;1;-6.672
Fort Minor;Remember the Name (feat. Styles of Beyond);230493;2005;84.858;hip hop, pop, rock;0.835;8;-4.162
Gabrielle;Rise;219093;2001;144.673;pop, R&B;0.481;8;-9.487
Justin Timberlake;Summer Love;252973;2006;95.802;pop;0.591;0;-7.228
Example;Changed the Way You Kiss Me - Radio Edit;195466;2011;126.979;pop, Dance/Electronic;0.857;4;-3.78
MAGIC!;Rude;224840;2014;144.033;set();0.758;1;-4.993
Lupe Fiasco;The Show Goes On;239613;2011;143.067;hip hop, pop;0.889;7;-3.839
Stereophonics;Dakota;297426;2005;146.994;rock, pop;0.93;4;-3.499
Disturbing Tha Peace;Move Bitch;272293;2002;177.894;hip hop, pop;0.751;1;-5.692
The Raconteurs;Steady, As She Goes;215266;2006;123.696;rock;0.578;9;-4.563
The Strumbellas;Spirits;203653;2016;80.529;rock, Folk/Acoustic, pop;0.658;0;-6.075
Red Hot Chili Peppers;Can't Stop;269000;2002;91.455;rock;0.938;9;-3.442
Jeremih;Birthday Sex;226506;2009;60.019;hip hop, pop, R&B;0.523;7;-5.603
Waka Flocka Flame;No Hands (feat. Roscoe Dash & Wale);263773;2010;131.497;hip hop, pop;0.595;1;-6.366
Kevin Rudolf;Let It Rock;231173;2008;113.172;hip hop, pop;0.783;7;-4.41
Nick Lachey;What's Left Of Me;244613;2006;149.965;pop;0.742;7;-5.665
Rihanna;Shut Up And Drive;212280;2008;132.964;hip hop, pop, R&B;0.826;1;-4.902
Pixie Lott;Mama Do (Uh Oh, Uh Oh);196520;2009;119.918;pop, Dance/Electronic;0.873;3;-4.711
David Guetta;Gettin' Over You (feat. Fergie & LMFAO);188000;2010;129.944;hip hop, pop, Dance/Electronic;0.913;10;-5.077
Nickelback;When We Stand Together;190786;2011;187.961;rock, metal;0.9;10;-3.541
Kanye West;Diamonds From Sierra Leone - Remix;233400;2005;97.043;hip hop;0.814;7;-3.768
Amy Winehouse;You Know I'm No Good;256946;2006;103.383;R&B;0.806;9;-3.607
XXXTENTACION;changes;121886;2018;64.934;hip hop;0.308;11;-10.068
Saweetie;My Type;126446;2019;105.038;hip hop, pop, R&B;0.811;2;-6.294
Akon;Don't Matter;293066;2006;125.139;pop;0.454;2;-6.035
Usher;DJ Got Us Fallin' In Love (feat. Pitbull);220800;2010;119.963;hip hop, pop, R&B;0.861;7;-3.398
5 Seconds of Summer;She Looks So Perfect;202496;2014;160.025;pop;0.951;9;-4.237
Missy Elliott;Get Ur Freak On;211120;2001;177.87;hip hop, pop, R&B;0.75;0;-9.369
T.I.;Dead And Gone;299746;2008;135.021;hip hop, pop;0.746;0;-4.99
Rihanna;Work;219320;2016;91.974;hip hop, pop, R&B;0.534;11;-6.238
AJR;Weak;201160;2017;123.98;rock;0.637;5;-4.518
The Wanted;Glad You Came;197935;2011;126.885;pop, Dance/Electronic;0.851;7;-3.873
Justin Timberlake;Like I Love You;283626;2002;114.964;pop;0.811;6;-4.927
Ed Sheeran;Shape of You;233712;2017;95.977;pop;0.652;1;-3.183
Shakira;She Wolf;188866;2009;121.983;pop, latin;0.69;7;-7.448
Macklemore;Glorious (feat. Skylar Grey);220454;2017;139.994;hip hop, pop;0.794;0;-5.126
Usher;Love in This Club (feat. Young Jeezy);259720;2008;140.012;hip hop, pop, R&B;0.712;0;-5.976
Carrie Underwood;Before He Cheats;199946;2005;147.905;pop, country;0.749;6;-3.318
Baauer;Harlem Shake;196664;2013;137.825;Dance/Electronic;0.794;0;-5.151
Lady Gaga;Paparazzi;208306;2008;114.906;pop;0.692;5;-3.973
Gesaffelstein;Lost in the Fire (feat. The Weeknd);202093;2019;100.966;Dance/Electronic;0.671;2;-12.21
Green Day;American Idiot;176346;2004;186.113;rock;0.988;1;-2.042
Busta Rhymes;Touch It;214960;2006;138.335;hip hop, pop;0.551;1;-6.62
Justin Timberlake;Suit & Tie (feat. Jay-Z);326280;2013;101.985;pop;0.596;11;-3.799
Martin Solveig;Intoxicated - New Radio Mix;159693;2015;125.004;pop, Dance/Electronic;0.677;0;-4.023
DJ Snake;You Know You Like It;247266;2014;196.093;hip hop, pop, Dance/Electronic;0.725;5;-5.346
BlocBoy JB;Look Alive (feat. Drake);181263;2018;140.022;hip hop, pop;0.581;10;-7.495
Daddy Yankee;Con Calma;193226;2019;93.989;latin;0.86;8;-2.652
Jax Jones;You Don't Know Me - Radio Edit;213946;2016;124.007;hip hop, pop, Dance/Electronic;0.669;11;-6.054
JUVENILE;Slow Motion;248200;2003;172.872;hip hop, pop;0.734;0;-4.894
Beyoncé;If I Were a Boy;249146;2008;90.007;pop, R&B;0.518;6;-6.126
Britney Spears;Everytime;230306;2003;109.599;pop;0.284;3;-12.852
Adam Lambert;Whataya Want from Me;227320;2009;185.934;pop;0.672;11;-4.706
Azealia Banks;212;204956;2014;126.017;hip hop, pop, R&B;0.769;11;-5.761
Lil' Kim;Magic Stick;359973;2019;92.98;hip hop, pop, R&B;0.498;2;-7.872
Ryan Cabrera;True;204173;2004;96.938;pop;0.4;6;-10.054
t.A.T.u.;All The Things She Said;214440;2020;179.92;pop;0.834;5;-5.767
Sugababes;Push The Button;218093;2005;126.016;pop, R&B;0.66;8;-5.096
Jack Ü;Where Are Ü Now (with Justin Bieber);250285;2015;139.432;pop, Dance/Electronic;0.781;4;-4.038
Duke Dumont;Need U (100%) [feat. A*M*E] - Radio Edit;174853;2013;124.047;pop, Dance/Electronic;0.835;0;-5.705
Bone Thugs-N-Harmony;I Tried;287480;2007;81.995;hip hop, pop;0.71;4;-6.142
One Direction;Steal My Girl;228133;2014;77.217;pop;0.768;10;-5.948
Liberty X;Just A Little;237359;2019;103.887;pop;0.614;5;-6.554
Demi Lovato;Give Your Heart a Break;205346;2011;123.008;pop;0.695;6;-3.218
Roger Sanchez;Another Chance;452906;2000;127.993;Dance/Electronic;0.82;3;-10.029
Britney Spears;Piece of Me;212106;2007;115.007;pop;0.638;11;-5.054
Madonna;Sorry;281880;2005;132.971;pop;0.877;0;-6.229
Lil' Flip;Sunshine (feat. Lea);225173;2004;93.961;hip hop, pop;0.387;0;-9.867
Maroon 5;Animals;231013;2014;189.868;pop;0.742;4;-6.46
Liam Payne;For You (Fifty Shades Freed) (& Rita Ora);245453;2018;113.0;pop;0.787;2;-4.618
Nelly;Country Grammar (Hot Shit);287000;2000;162.831;hip hop, pop, R&B;0.664;2;-6.822
Black Eyed Peas;Where Is The Love?;272533;2003;94.059;hip hop, pop;0.687;5;-3.18
Lana Del Rey;Born To Die;286253;2012;75.223;pop;0.636;4;-6.591
Rascal Flatts;What Hurts The Most;214106;2006;136.002;country;0.674;5;-5.134
Mary J. Blige;One;260466;2005;185.888;pop, R&B;0.874;0;-3.161
Thirty Seconds To Mars;The Kill;231533;2005;182.99;rock;0.912;4;-3.881
The Supermen Lovers;Starlight - Radio Edit;234400;2001;127.487;Dance/Electronic;0.679;0;-5.079
Jim Jones;We Fly High;236080;2006;120.226;hip hop, pop;0.8;1;-6.564
OneRepublic;Counting Stars;257386;2014;122.014;pop;0.705;1;-4.972
The White Stripes;Seven Nation Army;231920;2003;123.904;rock, blues;0.469;4;-7.627
Usher;My Boo;223440;2004;86.412;hip hop, pop, R&B;0.507;5;-8.238
Young Thug;The London (feat. J. Cole & Travis Scott);200106;2019;97.981;hip hop, pop;0.586;4;-6.946
Jibbs;Chain Hang Low;207586;2006;157.147;hip hop, pop;0.589;4;-6.869
Black Eyed Peas;My Humps;326960;2005;123.95;hip hop, pop;0.682;1;-5.924
Post Malone;Goodbyes (Feat. Young Thug);174960;2019;150.231;hip hop;0.653;5;-3.818
Michel Teló;Ai Se Eu Te Pego - Live;166866;2012;96.055;country, latin;0.935;11;-4.55
XXXTENTACION;Moonlight;135090;2018;128.009;hip hop;0.537;9;-5.723
Taylor Swift;Shake It Off;219200;2014;160.078;pop;0.8;7;-5.384
Jason Derulo;Don't Wanna Go Home;206080;2011;121.956;hip hop, pop;0.808;2;-4.861
alt-J;Breezeblocks;227080;2012;150.071;rock;0.656;5;-7.298
Akon;Smack That;212360;2006;118.988;pop;0.743;5;-5.166
Keri Hilson;Knock You Down;326186;2009;155.165;pop, R&B;0.877;8;-4.78
Britney Spears;If U Seek Amy;216520;2008;129.954;pop;0.587;4;-7.296
Fat Joe;Get It Poppin' (feat. Nelly) - Radio Version;211320;2005;100.813;hip hop, pop;0.55;1;-7.558
Audioslave;Like a Stone;293960;2002;107.849;rock, metal;0.568;7;-5.477
Usher;Yeah! (feat. Lil Jon & Ludacris);250373;2004;105.018;hip hop, pop, R&B;0.791;2;-4.699
Kanye West;All Of The Lights;299613;2010;142.113;hip hop;0.803;1;-3.284
Bruno Mars;Talking to the Moon;217866;2010;145.867;pop;0.59;1;-4.721
Foo Fighters;Best of You;255626;2005;130.198;rock, metal;0.94;1;-5.119
Kygo;Stole the Show;223186;2016;100.034;pop, Dance/Electronic;0.635;8;-7.565
Boys Like Girls;The Great Escape;206520;2007;149.934;pop;0.94;1;-4.012
ZHU;Faded;223386;2014;124.96;Dance/Electronic;0.475;9;-7.195
Jonas Brothers;Burnin' Up;175093;2008;114.03;pop;0.954;2;-3.462
Metro Station;Shake It;179946;2007;150.034;pop, rock;0.955;4;-3.836
Bruno Mars;Marry You;230192;2010;144.905;pop;0.82;10;-4.865
Ronan Keating;Life Is A Rollercoaster;234826;2000;118.981;pop, rock;0.791;0;-8.923
Coldplay;Princess of China;239215;2011;85.014;rock, pop;0.69;9;-6.221
Sigala;Wish You Well;205653;2019;124.975;pop, Dance/Electronic;0.895;5;-3.787
EO;German;170825;2018;103.019;set();0.583;8;-6.26
David Banner;Play;230133;2005;95.027;hip hop, pop;0.658;1;-8.013
My Chemical Romance;Teenagers;161920;2006;111.647;rock;0.857;4;-3.063
Luis Fonsi;Échame La Culpa;173720;2017;95.989;pop, latin;0.892;0;-3.641
Jason Derulo;Talk Dirty (feat. 2 Chainz);177685;2013;100.315;hip hop, pop;0.652;6;-7.321
Chase & Status;Blind Faith;233666;2011;140.042;Dance/Electronic;0.846;9;-4.712
Ariana Grande;Side To Side;226160;2016;159.145;pop;0.738;6;-5.883
Meghan Trainor;All About That Bass;187920;2015;134.052;pop;0.887;9;-3.726
Calvin Harris;Blame (feat. John Newman);212960;2014;128.024;hip hop, pop, Dance/Electronic;0.857;0;-4.078
Pharrell Williams;Frontin' (feat. Jay-Z) - Club Mix;236506;2003;102.009;hip hop, pop;0.404;9;-5.913
Leona Lewis;Better in Time;234173;2007;163.953;pop, R&B;0.7;6;-4.251
Jagged Edge;He Can't Love U;244053;2000;126.279;hip hop, pop, R&B;0.836;8;-3.972
P!nk;Raise Your Glass;202960;2010;122.019;pop;0.709;7;-5.006
DNCE;Cake By The Ocean;219146;2016;119.002;pop;0.753;4;-5.446
will.i.am;This Is Love;279026;2013;128.954;hip hop, pop;0.796;0;-3.446
3OH!3;DONTTRUSTME;192573;2008;130.012;hip hop, pop, rock;0.713;5;-3.742
Crazy Frog;Axel F;168879;2005;138.045;pop;0.907;2;-3.321
Avril Lavigne;When You're Gone;240493;2007;142.034;pop;0.719;4;-3.921
Musiq Soulchild;Halfcrazy;254493;2002;101.955;pop, R&B;0.77;11;-6.057
Red Hot Chili Peppers;The Adventures of Rain Dance Maggie;282400;2011;106.254;rock;0.734;4;-4.523
Kylie Minogue;In Your Eyes;197826;2001;123.971;pop, Dance/Electronic;0.894;6;-6.342
Eminem;Ass Like That;265480;2004;83.093;hip hop;0.796;2;-6.152
Joe;I Wanna Know;296693;2000;136.086;pop, R&B;0.487;8;-5.959
Lauv;i'm so tired...;162582;2019;102.211;pop, Dance/Electronic;0.733;11;-7.058
Paulo Londra;Adan y Eva;256971;2019;171.993;hip hop, latin, Dance/Electronic;0.709;1;-4.47
Faithless;We Come 1 - Radio Edit;222435;2015;135.977;pop, Dance/Electronic;0.903;5;-10.587
Coldplay;Adventure of a Lifetime;263786;2015;111.995;rock, pop;0.924;7;-3.887
Wyclef Jean;Sweetest Girl (Dollar Bill) (feat. Akon, Lil' Wayne & Niia);241133;2007;92.515;set();0.744;1;-3.51
JAY-Z;Excuse Me Miss;281240;2002;92.849;hip hop;0.862;6;-5.531
DJ Snake;Let Me Love You;205946;2016;99.988;hip hop, pop, Dance/Electronic;0.716;8;-5.371
David Guetta;Sexy Bitch (feat. Akon);195853;2010;130.011;hip hop, pop, Dance/Electronic;0.627;11;-5.018
Kelis;Milkshake;182626;2003;112.968;pop, R&B, Dance/Electronic;0.774;1;-6.068
The Pussycat Dolls;I Hate This Part;218400;2008;111.572;pop, R&B;0.612;5;-4.371
Kelly Clarkson;Already Gone;281560;2009;78.139;pop, R&B;0.872;9;-2.996
Bruno Mars;Locked out of Heaven;233478;2012;143.994;pop;0.698;5;-4.165
Snoop Dogg;Drop It Like It's Hot;266066;2004;92.063;hip hop, pop;0.628;1;-3.832
Blueface;Thotiana;129264;2018;104.025;hip hop;0.382;10;-12.89
LMFAO;Sexy And I Know It;199480;2011;130.021;hip hop, pop, Dance/Electronic;0.861;7;-4.225
Kendrick Lamar;HUMBLE.;177000;2017;150.018;hip hop;0.625;1;-6.779
Floetry;Say Yes;268373;2002;117.901;hip hop, pop, R&B;0.398;5;-12.932
Rihanna;Don't Stop The Music;267080;2008;122.668;hip hop, pop, R&B;0.669;6;-5.582
P!nk;Don't Let Me Get Me - Radio Edit;210693;2001;98.525;pop;0.85;0;-4.754
Marshmello;FRIENDS;202620;2018;95.079;pop, Dance/Electronic;0.88;9;-2.384
Just Jack;Starz In Their Eyes;295933;2006;123.802;Dance/Electronic;0.8;3;-6.731
Bruno Mars;"Finesse - Remix; feat. Cardi B";217288;2017;105.115;pop;0.859;5;-4.877
Armand Van Helden;My My My - Radio Edit;190000;2006;127.51;pop, Dance/Electronic;0.768;7;-8.502
Arctic Monkeys;I Bet You Look Good On The Dancefloor;173680;2006;103.183;rock;0.948;6;-4.19
Chris Brown;New Flame (feat. Usher & Rick Ross);244226;2014;141.967;hip hop, pop, R&B;0.629;1;-4.292
Rihanna;Diamonds;225146;2012;91.972;hip hop, pop, R&B;0.71;11;-4.92
The Vamps;Middle Of The Night;174600;2017;130.093;pop;0.749;11;-4.323
Dean Lewis;Be Alright;196373;2018;126.684;pop;0.586;11;-6.319
21 Savage;a lot;288624;2018;145.972;hip hop;0.636;1;-7.643
Calvin Harris;Acceptable in the 80's;333680;2007;127.99;hip hop, pop, Dance/Electronic;0.808;7;-5.454
Ludacris;Splash Waterfalls;290760;2003;145.894;hip hop, pop;0.846;11;-6.102
Sisqo;Incomplete;274226;1999;119.311;hip hop, pop, R&B;0.443;1;-7.693
The Neighbourhood;Sweater Weather;240400;2013;124.053;rock, pop;0.807;10;-2.81
Avril Lavigne;Complicated;244506;2002;77.987;pop;0.776;5;-5.898
X Ambassadors;Renegades;195200;2015;90.052;hip hop, rock, pop;0.862;2;-6.003
Imagine Dragons;Natural;189466;2018;100.0;rock;0.611;2;-6.112
Kylie Minogue;I Believe in You;200973;2004;120.939;pop, Dance/Electronic;0.785;7;-5.087
Gwen Stefani;What You Waiting For?;221226;2004;136.027;pop, R&B;0.948;5;-2.557
Enrique Iglesias;SUBEME LA RADIO (feat. Descemer Bueno & Zion & Lennox);207680;2017;91.011;pop, latin;0.822;0;-3.304
50 Cent;Disco Inferno;214226;2005;97.018;hip hop, pop;0.659;3;-4.763
Matt Cardle;When We Collide;226000;2011;81.986;pop;0.683;2;-5.521
Diddy;I Need a Girl (Pt. 1) [feat. Usher & Loon];268800;2005;89.279;hip hop, pop;0.707;6;-5.758
Rihanna;Take A Bow;229413;2008;82.082;hip hop, pop, R&B;0.467;9;-7.536
